sous_population_1_axe_y,1.000e-05,7.906e-06,6.251e-06,4.942e-06,3.907e-06,3.089e-06,2.442e-06,1.931e-06,1.526e-06,1.207e-06,9.541e-07,7.543e-07,5.964e-07,4.715e-07,3.728e-07,2.947e-07,2.330e-07,1.842e-07,1.456e-07,1.151e-07,9.103e-08,7.197e-08,5.690e-08,4.498e-08,3.556e-08,2.812e-08,2.223e-08,1.758e-08,1.389e-08,1.099e-08,8.685e-09,6.866e-09,5.429e-09,4.292e-09,3.393e-09,2.683e-09,2.121e-09,1.677e-09,1.326e-09,1.048e-09,8.286e-10,6.551e-10,5.179e-10,4.095e-10,3.237e-10,2.560e-10,2.024e-10,1.600e-10,1.265e-10,1.000e-10
1.000e-05,0.0,0.03965944901605667,0.08952675367882534,0.1521326192714696,0.2305790261628431,0.3286357623540823,0.45083406101343826,0.6025435288809433,0.7900105271857285,1.0203260618725096,1.301280170567992,1.6410506648816465,2.04767243949874,2.5282478675634366,3.087899031761509,3.7285354735571445,4.447611877667441,5.237152552660206,6.083374115341684,6.967187077979958,7.865672451798446,8.75434959104794,9.60978594886032,10.411976170418058,11.146001612844941,11.802727787998464,12.378584719370764,12.874684553156271,13.2956077157599,13.64815115674918,13.940234776219,14.180058162815783,14.37552031419824,14.533868539294986,14.661524027112648,14.764030779585028,14.846082775637797,14.911595220128532,14.963796163495658,15.00532325129518,15.038316608607516,15.06450314637641,15.085270332012584,15.101729126560741,15.114766710709006,15.125090067397139,15.133261645525465,15.139728320981305,15.144844776933525,15.148892293304584
7.906e-06,-0.050044131768203215,0.0,0.06292488534501217,0.14192389218976587,0.2409112540794922,0.36464388179408047,0.5188395230412652,0.7102738393891457,0.9468288442663209,1.2374523949996217,1.5919744637961628,2.0207143925218247,2.5338112564900257,3.1402275148132333,3.846426886493674,4.654819419729705,5.562193834114879,6.558486488698833,7.626305169176618,8.741561914435295,9.875336194068694,10.99673656963958,12.076193868602019,13.088463357066871,14.014718947150584,14.843433396045583,15.570101239232628,16.19612538572568,16.727285422816294,17.17215804832412,17.54073709498843,17.843369409674892,18.09002258492299,18.289841894315828,18.45093016506263,18.580283326175106,18.683824679164104,18.766494801589744,18.832367158094144,18.88477018606764,18.92640450478305,18.959449300457834,18.985655416662496,19.00642477428329,19.022876906194142,19.0359039539741,19.046215671830026,19.05437597246089,19.060832430606467,19.065939993464326
6.251e-06,-0.14246079778735066,-0.07935211113306195,0.0,0.09962257686441944,0.22445172271704905,0.38048621838748886,0.5749365344039461,0.8163472589965295,1.114658192699892,1.4811532806921264,1.9282289387432456,2.4688988001895495,3.1159492864850336,3.880683165843209,4.7712522739545875,5.790696621056043,6.9349674066345415,8.191374492462444,9.537985713167984,10.944424751199733,12.374220606893289,13.788416311825415,15.149721920775335,16.426300628295053,17.594409926239734,18.63951179977846,19.555923470561027,20.34541338055226,21.015269611507335,21.576307886563313,22.04113125012435,22.42278806178274,22.733848490278092,22.985845729456685,23.188998369250726,23.35212909753932,23.48270790776553,23.586965470131815,23.670038925883887,23.736125848894517,23.788632058697658,23.830305783910546,23.863355060042238,23.889547887522838,23.910296139986826,23.926724921918662,23.93972932417762,23.950020512921412,23.958162937296663,23.9646042312761
4.942e-06,-0.30504292165670677,-0.22552133806067332,-0.12553182572310106,0.0,0.15729401929570486,0.3539091807449495,0.5989312763680346,0.9031272227053364,1.2790220625092843,1.7408346399353718,2.3041857049274768,2.9854738936235776,3.8008117207137957,4.764442396294612,5.886638930133643,7.171233213483163,8.613124755704689,10.196324194788986,11.89319613744101,13.665464290650505,15.467171792924717,17.249228434345355,18.96464388962596,20.573298811015604,22.04527325270061,23.362245934081898,24.517054373950373,25.511925813551102,26.35604325177985,27.063035273766502,27.648782981760746,28.129728834065816,28.521712847063327,28.83926840294737,29.095272361392347,29.300842585521934,29.465392371161045,29.596773298692767,29.70145894736214,29.784738904749645,29.850905030281865,29.903420519581573,29.94506784245766,29.97807495673112,30.004221045232498,30.02492391693022,30.041311527634093,30.054280059134385,30.064540806688626,30.072657860008462
3.907e-06,-0.5820063832936739,-0.48190180503127067,-0.356031443512677,-0.19800745780992202,0.0,0.24750647052331942,0.5559495788248796,0.9388832690882509,1.4120747654508818,1.9934236358507178,2.702594391971388,3.5602310074867773,4.586617563755283,5.799685322836467,7.212368043747574,8.829491426100276,10.644636835884626,12.63767810548552,14.773828004288646,17.00490314019197,19.27305025499163,21.516470387745755,23.676006902454162,25.70115199380325,27.55423721181552,29.21219543195224,30.666007488917558,31.9184753368977,32.9811580391854,33.87121170693655,34.60862856886831,35.21410786534079,35.70759064094733,36.10737315096179,36.429666322233004,36.68846670414018,36.89562496154406,37.061025695189414,37.19281871212564,37.29766326205959,37.38096252540731,37.447076450979466,37.49950799839888,37.541062032090565,37.57397843681349,37.60004214987981,37.620673201050295,37.63699983052544,37.64991751738239,37.66013641762362
3.089e-06,-1.042935711783116,-0.9170756562401721,-0.7588206000059472,-0.5601391606350035,-0.31118691458777903,0.0,0.38780211718574265,0.8692608834032853,1.4642006095621127,2.1951267711816627,3.0867641576938922,4.1650693857752685,5.455547036388566,6.980744038972489,8.756924545182642,10.79015894945087,13.072380407251103,15.578287414454621,18.264144335906053,21.069371129311207,23.921227932281454,26.74201191148552,29.457340687112833,32.00370498962707,34.33373826830791,36.418432821019906,38.24644460892091,39.82129369760969,41.157511842905706,42.27666912580901,43.203902332452,43.96523772550347,44.58574858093914,45.08844028004239,45.49369628861871,45.81911582510622,46.07959993731038,46.287577577630145,46.45329638298074,46.585129765920215,46.68987175355733,46.773004606512245,46.83893299908186,46.89118381253843,46.93257351524608,46.96534651802472,46.99128839129321,47.011817804503494,47.0280607493429,47.040910189040346
2.442e-06,-1.7960822604220539,-1.6380836372247813,-1.4394178201293926,-1.190002535569647,-0.8774794647895305,-0.4868295845654984,0.0,0.6044027124692093,1.3512656675533208,2.2688420959839277,3.3881716785965637,4.741841041479233,6.361870053796565,8.276566497115368,10.506351857948857,13.058851483524677,15.923943673571898,19.06987058599327,22.441731520121266,25.963477611093253,29.543791959459668,33.08512411387994,36.494089293526145,39.69095082153967,42.616236778728535,45.23352332434774,47.52856286112592,49.50576994107212,51.18338500954121,52.58848602001706,53.752629795640814,54.70849064302058,55.48754697675224,56.11868139452463,56.627484971498234,57.03605335093971,57.36309474050961,57.62421369999856,57.83227618310286,57.99779507026847,58.129300327055944,58.233674993310274,58.31644919313658,58.382050974238155,58.434016453567324,58.47516352303421,58.50773399436821,58.53350902997988,58.55390233097353,58.57003502762893
1.931e-06,-3.0076868409163353,-2.8097231232018203,-2.5608054932145023,-2.248301307643942,-1.8567260977606566,-1.3672615764802458,-0.7572880267989603,0.0,0.9357856972034142,2.085470304055434,3.487947001016437,5.1840480922778625,7.213896865877473,9.612966817521624,12.40685158719566,15.605112894921149,19.19507661778198,23.13695881054673,27.36197638027363,31.774844824223464,36.26114466451281,40.69864101990163,44.97031422033933,48.97624263927412,52.641895246097306,55.921620976829786,58.79755772135684,61.27522987743566,63.377488595070076,65.13826095445359,66.59708799614941,67.79491227271387,68.77117863559272,69.56207970202206,70.19968383935895,70.71167948202424,71.12151035124339,71.44873100042003,71.70946420953544,71.91688407648917,72.08167985515036,72.21247698326874,72.31620551017704,72.39841442919646,72.46353501729823,72.5150985116876,72.555914236994,72.58821425641565,72.61377014970446,72.63398686178925
1.526e-06,-4.929231547692325,-4.6817836226618965,-4.370644850880581,-3.980024701749244,-3.4905678608745347,-2.8787516999777836,-2.1163016961349967,-1.1697109482765882,0.0,1.437083768285902,3.190158819327962,5.31026882188371,7.847572897186865,10.846420018636309,14.338811598691791,18.336711161426592,22.824288563485425,27.75182590164036,33.033353617047396,38.549770255951216,44.158048641509595,49.70538472830731,55.04548689832427,60.05343196582612,64.63603405246249,68.73620930392758,72.33161424584182,75.42914368534775,78.05735593083568,80.25865847968839,82.08247945625453,83.58000093762416,84.80053398674931,85.78932476842033,86.58646404292062,87.2265672685171,87.73894347661735,88.14803965241163,88.47401248818505,88.73333229230843,88.9393628477394,89.10288776243056,89.23257106739766,89.33535018992757,89.4167651788016,89.4812308432206,89.5322594480142,89.57264155749795,89.6045920324243,89.62986736070388
1.207e-06,-7.934368486713993,-7.625975472502205,-7.2382046137699945,-6.751376019469717,-6.141366876334132,-5.378860434236913,-4.428617320555759,-3.24887653342239,-1.7910558535743348,0.0,2.184889020225228,4.8272338148372,7.989557185893091,11.727143742448789,16.079892340475453,21.062730971301562,26.65594911333187,32.79759996619646,39.380550813214995,46.25636759856798,53.24678604551809,60.161344950513694,66.81768969531231,73.06009159728251,78.77237589080323,83.88336623169516,88.36519088123259,92.22642671139693,95.50265835142818,98.24673772599112,100.52027168705877,102.38705626127035,103.90855726665473,105.14117489626756,106.13488383502226,106.93283410988329,107.57156133610465,108.08154048654205,108.48789850434105,108.81116704511533,109.06800526897655,109.27185595043784,109.43351963556051,109.56164450716437,109.66313678763936,109.7434999817433,109.80711248513967,109.85745302250484,109.89728264634346,109.92879100094365
9.541e-07,-12.5662554041146,-12.183292890897746,-11.701758519961004,-11.097213437778464,-10.339701339680232,-9.392815731578594,-8.21279485720197,-6.747777574776592,-4.937430939392016,-2.71325783919724,0.0,3.2813599916571548,7.20847775119455,11.85002499367738,17.255571866064884,23.44368309671154,30.389910189121792,38.017352377024736,46.19298841992918,54.73249507142509,63.41448815105127,72.00241904464337,80.26979101791653,88.02316320258615,95.1182126097624,101.46650236303344,107.03338315845963,111.82948137060566,115.89897472466828,119.3074942761923,122.1315507686088,124.45037836304073,126.34032003245261,127.87142891658323,129.10577841992858,130.09696584524158,130.8903731407081,131.52385448007863,132.0286212451333,132.43017692308763,132.7492148478034,133.002433142497,133.2032478844044,133.36240157827183,133.48847293292465,133.58829825043904,133.6673162586378,133.72984814100755,133.77932360894897,133.81846258595237
7.543e-07,-19.593452809177734,-19.119980187594138,-18.524638395680313,-17.777212114625627,-16.840664226321223,-15.6699824382722,-14.211060019188153,-12.399775394164863,-10.1615311276787,-7.411633484137155,-4.057026028263181,0.0,4.855475606236723,10.594331337231552,17.27788834604553,24.929139582954804,33.51790027580569,42.94913185587666,53.05839881101292,63.61781788207236,74.35365926314034,84.97341736960834,95.19699191719883,104.78513866285357,113.559339575389,121.41018152595598,128.29476901860517,134.22620339652894,139.25908655759986,143.47456020705204,146.96722875974183,149.83507103801412,152.17249505666769,154.06613343608979,155.59275231179527,156.8186366049663,157.79991189144994,158.58339434986192,159.20768499206724,159.70432572833806,160.09890954855337,160.41208834719646,160.6604549022577,160.85729539412432,161.01321987038318,161.13668340273898,161.23441256451997,161.31175176448642,161.37294284818836,161.4213498018562
5.964e-07,-30.067602028927467,-29.485336391677265,-28.753197925708264,-27.834027740299916,-26.682277149543097,-25.242588996553877,-23.448420788275598,-21.22091219414233,-18.468317241948625,-15.086469940159986,-10.960914757502906,-5.971467859692893,0.0,7.057976866499303,15.277926331074923,24.688184358831677,35.251692153940894,46.851628088478265,59.285808880832064,72.27399388431832,85.47952233404567,98.54260317290073,111.11866830920644,122.9133753191577,133.707061032384,143.3650614142839,151.83454047274927,159.13155618435258,165.3232318235,170.5093524942381,174.80627665323937,178.33452332542402,181.21022567594173,183.53995633127397,185.41815316280145,186.92636175889356,188.13363050971202,189.09755565306295,189.86562706519953,190.47665027528046,190.9621121322716,191.34742061270617,191.65298984589526,191.89516589390496,192.08700238703932,192.23890168920798,192.35913958610308,192.45429137666451,192.5295758658358,192.58913181819116
4.715e-07,-45.36833918358798,-44.656827163842536,-43.76217344168572,-42.63896976575006,-41.23155506508692,-39.472281460282375,-37.279831167458724,-34.55783173413511,-31.19416096242503,-27.06151422132325,-22.020005720412883,-15.922739760356308,-8.625318755803619,0.0,10.04550636410022,21.54591243057621,34.456022612392644,48.63316311527751,63.83032334017071,79.70506432628008,95.84594684867807,111.81320892532494,127.18564321608073,141.60339047561774,154.797846728291,166.60429694165578,176.9580554680456,185.8786669868241,193.44811824953513,199.7883422176701,205.0415489157649,209.3550480784952,212.87079790701318,215.71907601235444,218.0153299768226,219.8592494389336,221.33524780206972,222.5137389602737,223.452782006103,224.19981934289535,224.79334605691156,225.26442551661785,225.6380158032366,225.9341014929828,226.1686419015241,226.35435494355352,226.50135859923512,226.61769184310924,226.70973520384086,226.78254875328366
3.728e-07,-67.21108623597547,-66.34815064990426,-65.26309530990648,-63.900846589509456,-62.19389501404612,-60.0601916699452,-57.40110605714972,-54.09974537761491,-50.020109786260036,-45.00777808625844,-38.89305962078606,-31.49774773081299,-22.646647810352533,-12.184744433239757,0.0,13.949807007651543,29.609988572288785,46.80761868708214,65.24319110011629,84.50139935123707,104.08317230772946,123.45500619450104,142.10583367006302,159.5989544289755,175.60834336536573,189.93400555063135,202.4973171031097,213.32187229576357,222.50705534378676,230.2007466076061,236.57545406560257,241.8098928039417,246.07629858735072,249.53274373202657,252.31931200518602,254.55697006677065,256.34815017637266,257.77829821953856,258.9178687088656,259.82443343765,260.54470692658333,261.1163854051265,261.56975632469994,261.92907172044625,262.21369888245454,262.43907156430896,262.6174684073708,262.75864509748135,262.87034472525556,262.95870794664916
2.947e-07,-97.58481912723983,-96.54734535724492,-95.24282300362574,-93.60503696839442,-91.55281960164575,-88.98752084468106,-85.79055185736797,-81.82136265398367,-76.91642409015822,-70.89004901006501,-63.53817753508156,-54.64649171444853,-44.004270491032,-31.425025660323627,-16.773911928216876,0.0,18.83113447406413,39.51174295970304,61.68184140451467,84.84213719096078,108.3925208133096,131.69137245931324,154.12395445758102,175.1648865302568,194.42184747725514,211.6540807943038,226.76682325176444,239.788289866553,250.83789618903484,260.09342975356685,267.76233542272166,274.05955105344856,279.1922400026506,283.3505416072603,286.70296497369964,289.3950277939348,291.5499548175103,293.2705384145911,294.641537455308,295.7322133389998,296.5987662109228,297.28654704515793,297.8319937908809,298.264283495625,298.60671656885916,298.87786111094283,299.0924893900874,299.26233836122447,299.3967236615763,299.50303306281694
2.330e-07,-138.58636486545765,-137.35145318084506,-135.79866828126342,-133.84919093566896,-131.40640190116665,-128.35286956015716,-124.5474245096184,-119.82275004261555,-113.98416718802127,-106.81060780039388,-98.05911472313892,-87.4744943350006,-74.80580183277561,-59.830899785152724,-42.38908466971134,-22.41951041672928,0.0,24.622367680483876,51.019235981078964,78.59631279686982,106.63915613675817,134.38376254223476,161.09800305366207,186.1560428456096,209.09042619777847,229.61416394326352,247.61414201147454,263.1237422356653,276.2850116770842,287.3095675103714,296.44439310982125,303.9454315320063,310.0593923274673,315.01272680335114,319.0061352640232,322.21294094741916,324.77991861681676,326.8295084385654,328.46267187328704,329.7619114998888,330.7941723320755,331.6134764089784,332.26322886193793,332.778185763138,333.18610296906263,333.50909919619335,333.76477152864027,333.9671013390316,334.1271856791818,334.25382508339953
1.842e-07,-192.13398707936267,-190.68042711831185,-188.85270802860487,-186.5580513321629,-183.68272449652886,-180.08849384834866,-175.6091791662866,-170.04781458915204,-163.1752143866306,-154.73111274638086,-144.42945361841794,-131.96974405755282,-117.05645007778821,-99.42789753456964,-78.89467558406614,-55.38487454010374,-28.989796103918707,0.0,31.080488517912272,63.55217949118014,96.57396988124037,129.2462240748191,160.706664701318,190.2180397137381,217.22951541286875,241.4027523653658,262.6041989953601,280.8728851639735,296.37588633133964,309.3622817651276,320.1228627149203,328.95901920072174,336.16129948709295,341.99641397094456,346.70075700771395,350.4784853844658,353.50248998651296,355.9170006648119,357.8409484110771,359.3715213736805,360.58758177343407,361.55276894772123,362.3182156078283,362.92486580904006,363.40541721353657,363.78592676590233,364.08712476032815,364.3254820272932,364.51407153008677,364.66326081655734
1.456e-07,-259.5813761140553,-257.8913062880165,-255.76619185835625,-253.09815349723067,-249.75494532258926,-245.57582895762243,-240.36756498248724,-233.90110820921564,-225.90993491074096,-216.09136109028714,-204.11268418930558,-189.6243734615182,-172.28261145771012,-151.78289001725898,-127.90466261936217,-100.56395686641372,-69.86655567368325,-36.14996413249264,0.0,37.77006381948013,76.18206249609284,114.18953029008935,150.78923881828905,185.12321702946338,216.55024092726853,244.67624935297863,269.3454487224626,290.6028918138336,308.6426867651444,323.7544330584251,336.27633398538364,346.5589819735769,354.94039685221287,361.73089094254465,367.20552072385453,371.6018432142173,375.12104119951437,377.9309507011667,380.16997099777564,381.9512011318393,383.3664151682524,384.4896726123061,385.38047898678906,386.086483084262,386.6457371064798,387.0885651722565,387.43909250989054,387.71648736958196,387.93596369507395,388.1095869617593
1.151e-07,-341.30709959379055,-339.36762212592384,-336.9288925865121,-333.86710589433824,-330.03049092780657,-325.2345736667585,-319.2575740521688,-311.8366091604821,-302.6657673713735,-291.39761281553,-277.65022281609254,-261.0223124668555,-241.11909027851834,-217.59080315062693,-190.1839784339918,-158.80181724647355,-123.56526377079172,-84.86123126135499,-43.361726307398385,0.0,44.101187058811774,87.74040071924719,129.76558535608274,169.19124528571956,205.28061322358917,237.5806710593406,265.91202004271327,290.32596796583493,311.04508486676605,328.4016976164021,342.784035345956,354.59462368107233,364.2216002115729,372.0213170463594,378.3096592314705,383.35945869627176,387.40178008120347,390.62939348243526,393.20126242291917,395.247293056078,396.8728989108258,398.1631470766988,399.18638802072564,399.9973534284345,400.6397520962164,401.1484160657237,401.55105705816277,401.86969295794734,402.12179951208236,402.321235948506
9.103e-08,-436.40033703976405,-434.20480691358716,-431.4441047890141,-427.97807404681043,-423.6348957030186,-418.20572383183935,-411.439471212685,-403.0385061601719,-392.65646529636615,-379.89994699153976,-364.3364656782778,-345.5115589979523,-322.97804272969006,-296.3396343057939,-265.3089601927313,-229.77594158953616,-189.8769722369816,-146.04958725305005,-99.05421063994618,-49.9472577682518,0.0,49.42689323583181,97.0283740075829,141.68778989583734,182.57004883614172,219.1613976108274,251.25804480739134,278.9176180998729,302.3918601640653,322.0569608506503,338.35253767907307,351.7344832877625,362.6424488287903,371.4801162097847,378.6053480768678,384.32724726938613,388.9076061098858,392.5648358978124,395.47904846484016,397.79743498078824,399.6394366220411,401.10144156300703,402.2608972625003,403.17982022241995,403.9077371511794,404.48411660677993,404.9403591340488,405.30141357162574,405.5870820236323,405.8130686710865
7.197e-08,-542.5682799347014,-540.117008361769,-537.0347232219901,-533.1649347648272,-528.3157981086861,-522.2541211862972,-514.6995391435466,-505.3197043122491,-493.72783631549646,-479.4846021308749,-462.10698344244156,-441.08736078168477,-415.9261604324929,-386.1805480226976,-351.5291930267522,-311.84864135522366,-267.2906020243918,-218.3430678674431,-165.8547050200741,-111.00493273503525,-55.213414802949046,0.0,53.17725798297761,103.07047533919467,148.74611909494342,189.62956754809602,225.4925077400785,256.3987777231923,282.6292096852794,304.60380022562094,322.81352237217834,337.76762094623155,349.95725845412926,359.8334523539306,367.796053029826,374.19044625073,379.3091643070202,383.3962713040819,386.65303781606417,389.24394910712,391.3024817177811,392.93635135614386,394.23210779428155,395.2590567002062,396.07254622303117,396.71668428436897,397.2265625396558,397.6300626126995,397.9493144263415,398.2018682794296
5.690e-08,-656.334600587008,-653.6348200569646,-650.2400447586078,-645.9779123328481,-640.6371160743347,-633.9608026508267,-625.640151806394,-615.3090727435647,-602.541497490196,-586.8534402837904,-567.7127495694967,-544.5601102332912,-516.8449835530064,-484.0792253065829,-445.90841631806325,-402.1960000423642,-353.10845840452384,-299.1827178678559,-241.35312690459614,-180.91861972883999,-119.44311452569491,-58.60126768020382,0.0,54.98506330404598,105.32450941869138,150.38437348155276,189.91236438532178,223.97825846816886,252.89110953831187,277.1134791949462,297.18627151339024,313.67062194656137,327.10780469572455,337.9948939398528,346.7725982179236,353.8216132057569,359.4643887786806,363.969956840594,367.5601825232243,370.4163845698404,372.6857013943081,374.48687501444874,375.9153155970416,377.0474243300723,377.94421620210596,378.6543153225084,379.21640647822096,379.6612262416511,380.01317058196764,380.2915869309254
4.498e-08,-773.4984113616902,-770.5635104508965,-766.873079107485,-762.2397362692136,-756.433759893187,-749.1759068839747,-740.1304294820002,-728.8993036928532,-715.0192784016181,-697.964102605345,-677.1551120911117,-651.9840437403254,-621.8520884165446,-586.2281663244594,-544.7264698552608,-497.1979513781698,-443.8229718366092,-385.1846678301281,-322.2983962194867,-256.57615782023277,-189.71840576067916,-123.54638003567561,-59.80801714496192,0.0,54.75734438467771,103.77372917958382,146.77404221573488,183.8335915289099,215.28809139947043,241.64037253641618,263.4786049513732,281.41306145264207,296.03247934133105,307.8775618569216,317.42772633108325,325.0971236231708,331.23655149999104,336.1387008199181,340.04495241354743,343.15257713868414,345.62166027335115,347.5813932588371,349.1355832077388,350.36735576709543,351.3430964636318,352.115709486814,352.7272849238125,353.2112650645777,353.5941934831426,353.89712081654216
3.556e-08,-889.7286423245223,-886.5768363750703,-882.6136529028518,-877.6378546198084,-871.4027290955437,-863.6083752791619,-853.8941996551075,-841.8327121569073,-826.926348807614,-808.6098522499542,-786.2616264757653,-759.2282205284773,-726.8662508614761,-688.6049714696946,-644.0295477506352,-592.9793280873546,-535.6473936092589,-472.65943664548286,-405.10549717093636,-334.5018748956845,-262.6750246964766,-191.5815131024392,-123.09951143748185,-58.83755091759667,0.0,52.67074574544313,98.87840603980476,138.70331802803958,172.50575620208656,200.8256982767216,224.29493962882952,243.56911973840397,259.28080559072805,272.010995221166,282.2748601664316,290.51745524727266,297.11576589741344,302.3843400011392,306.5825883477937,309.9225198660606,312.57618162433937,314.6824195936988,316.3527991737774,317.67665908210984,318.7253469997813,319.5557217578298,320.21301983545163,320.7331835314162,321.1447407544656,321.47031586562844
2.812e-08,-1001.1296503022331,-997.7823528125446,-993.5733430647379,-988.2888946124331,-981.6669805698984,-973.3890790833575,-963.0722001544036,-950.2622910769933,-934.4308540283582,-914.9774635059057,-891.2418116850131,-862.529694849165,-828.15752006406,-787.5187447267599,-740.1723156544977,-685.9470571960082,-625.0474468220254,-558.1374707523155,-486.3744388794112,-411.36864636905557,-335.0601467035158,-259.527553712187,-186.76653352744688,-118.4865614557184,-55.967889504881896,0.0,49.101654682146545,91.42188393724973,127.34306939320959,157.43866653079567,182.37980652000624,202.86304616032794,219.5604906727949,233.08949214992208,243.99748263227593,252.75740306760053,259.76987052107506,265.3691573563774,269.83094568525667,273.3805452861743,276.200798739279,278.43926535665014,280.21451257693843,281.6214866140308,282.7360136860225,283.6185218622177,284.31708739179885,284.86990896018324,285.30730544495964,285.6533215812815
2.223e-08,-1104.6450846330572,-1101.1252582923153,-1096.6992965360932,-1091.1424500809662,-1084.1791753440903,-1075.4745151277966,-1064.6257108848022,-1051.1552630263868,-1034.5073668223504,-1014.0505496817859,-989.0903247696606,-958.8965021984859,-922.7499749979688,-880.012572510972,-830.2200579870114,-773.1919166769258,-709.1426306112207,-638.7699345002402,-563.2904750589223,-484.3974967424001,-404.13133631927667,-324.678381939495,-248.13808486579546,-176.30911502752497,-110.53880308890803,-51.65828282502662,0.0,44.52475452053295,82.31785052424857,113.98228733043106,140.2239249112681,161.7754541065915,179.34390190834893,193.57873338037643,205.05587986515457,214.2729187430068,221.6513457830206,227.54286068230067,232.23752228844205,235.97239277068002,238.93985359010367,241.29516324209544,243.16307629187577,244.64349387799302,245.81619959175805,246.74477540726548,247.47980690499753,248.06148660742474,248.52171597100096,248.8857948380264
1.758e-08,-1198.2421623632617,-1194.5728709424548,-1189.9589588604813,-1184.1661270329005,-1176.9071212754206,-1167.8327448078053,-1156.5231111128614,-1142.4804048629576,-1125.1251598709769,-1103.79899945758,-1077.7778160741527,-1046.3002290682325,-1008.6163441515018,-964.0605634731965,-912.1485323278011,-852.6916067917973,-785.9128960513262,-712.53933614981,-633.8389547217648,-551.5768527339369,-467.8802654068022,-385.028995103532,-305.2124728880008,-230.30672061668156,-161.7172621144964,-100.31138653500966,-46.436316499524764,0.0,39.41629895309234,72.4411728573541,99.8105780122878,122.28852610925969,140.61231841603512,155.45926198291818,167.42999883442826,177.04346881735182,184.73927253910733,190.88422217008338,195.7808439429773,199.67639179328398,202.7715194968332,205.22816251643053,207.1764411318327,208.7205536135025,209.9437155827527,210.91224424822758,211.67890142401484,212.28560880542136,212.76564035713818,213.14538442850971
1.389e-08,-1280.894302301871,-1277.097591335365,-1272.3234504497377,-1266.329438952076,-1258.818318725289,-1249.428752726566,-1237.726251254584,-1223.1956773719376,-1205.2373898039332,-1183.1700706502943,-1156.2443527483174,-1123.672254100502,-1084.6776189542143,-1038.5714478706814,-984.8522110586346,-923.3243063811351,-854.2181685797332,-778.2856019776063,-696.8384193427464,-611.7029766024189,-525.0806055718185,-439.3307789577957,-356.7196859879241,-279.1893502464318,-208.1949649059079,-144.63469412003906,-88.86839803594194,-40.801200747517214,0.0,34.18561407980815,62.51726236501963,85.78567023770847,104.75396309821917,120.12319934577135,132.51510238799892,142.4668378233382,150.43345324243273,156.79465506700944,161.86360715943738,165.89625958368924,169.1003245590946,171.643434801259,173.66028902519065,175.25875216329223,176.52496833798978,177.52758870221442,178.32123203056108,178.94929550968118,179.44622425812668,179.83933544385036
1.099e-08,-1352.4260233034038,-1348.522165841885,-1343.6132889989494,-1337.4501055817636,-1329.7269816059616,-1320.0723706555982,-1308.0395022020184,-1293.098671971782,-1274.6332710007646,-1251.9426864122743,-1224.2563047988679,-1190.763767355882,-1150.6668244538687,-1103.256784343821,-1048.0176574653724,-984.7479706732738,-913.68429809585,-835.5993372716493,-751.841707415495,-664.2892713277251,-575.2056791467094,-487.0174223310951,-402.0552711293403,-322.3167914063433,-249.29898518618938,-183.926016403424,-126.56840053712585,-77.12890545472328,-35.162357058914495,0.0,29.14137300803486,53.0749596488713,72.58561148111039,88.39437060210548,101.14069859085066,111.37709703404835,119.57161170506515,126.11479940153004,131.32877559420012,135.47680827261502,138.77254950812494,141.388426432095,143.46299068153166,145.10719283507206,146.40964147893465,147.44095188993015,148.25730556670533,148.9033413967336,149.4144900859028,149.81885045230229
8.685e-09,-1413.2940798414238,-1409.3011566044352,-1404.2802799649853,-1397.976471381422,-1390.0771174905185,-1380.2021848384393,-1367.894693683089,-1352.6128294598966,-1333.7258770063381,-1310.517181813695,-1282.1984656406712,-1247.940763470091,-1206.9274526570061,-1158.4334624680378,-1101.930771639114,-1037.2130129769375,-964.5218497036385,-884.6473341494802,-798.9686724772473,-709.4065412093969,-618.2764002323438,-528.0604673334201,-441.1432204121629,-359.5684238735739,-284.8678626121182,-217.9873386552499,-159.30624448461822,-108.725402077318,-65.78960860623192,-29.814859458412684,0.0,24.48685375406785,44.44862073400509,60.622962355744676,73.66409266491974,84.13726827495339,92.52134588186891,99.21590698753062,104.55051259148604,108.79451745984625,112.16651425351301,114.8429179819941,116.9654850658917,118.64773267428245,119.98031930069556,121.03549395813752,121.87073800382132,122.53172316186101,123.05469994232044,123.46841733544716
6.866e-09,-1464.36431260473,-1460.2980599184066,-1455.184971692519,-1448.7653834739158,-1440.7209354522493,-1430.6646063222124,-1418.131010406907,-1402.5683617351442,-1383.3343300596898,-1359.6990517188442,-1330.8597020889156,-1295.971993633153,-1254.2041718320143,-1204.8176742538399,-1147.2745655813196,-1081.3644399240384,-1007.3331407474125,-925.9850002405037,-838.7244015760662,-747.5072695659801,-654.6917250729566,-562.8058777917395,-474.27844073960296,-391.1912340174422,-315.1046996815421,-246.98247224869192,-187.21126619696952,-135.6903100632153,-91.95614827631289,-55.312221545700595,-24.942596428314573,0.0,20.333366918723186,36.80885403731372,50.09282651072863,60.76104711401422,69.3012775468851,76.12053311336422,81.55450789441966,85.87757054334361,89.31238348441912,92.03864672223062,94.20075661366718,95.91434456098796,97.27175767691733,98.34659077397737,99.19739597737862,99.87069581862306,100.4034161294112,100.82484148520962
5.429e-09,-1506.7202010509154,-1502.5940499290718,-1497.4056394830804,-1490.8914775377052,-1482.7285102206642,-1472.524008055274,-1459.8057187212526,-1444.0137106775528,-1424.4961652090697,-1400.512427692809,-1371.2477896943928,-1335.8454451634389,-1293.4612758908024,-1243.3456944848367,-1184.9526619970366,-1118.0684673282522,-1042.9423620547095,-960.3903369449545,-871.8373369049659,-779.2680782815478,-685.0755325258579,-591.8253033107248,-501.98224779008524,-417.6592845842424,-340.44027729757363,-271.3034384061648,-210.6414722440859,-158.35231154093344,-113.96576228805498,-76.77501024181765,-45.952048409137205,-20.63703077626633,0.0,16.72157832337325,30.2039982971437,41.03160770297836,49.6994449961021,56.62060011450376,62.135778920244775,66.52344730469486,70.00959343281284,72.77660176296558,74.97102598085985,76.71022522279236,78.08792653065757,79.17882449801618,80.04234627767073,80.7257096787871,81.26639240445729,81.69411670980116
4.292e-09,-1541.5177638114837,-1537.3430000122626,-1532.093459110647,-1525.5025423556235,-1517.243386156395,-1506.9186282281407,-1494.050443162263,-1478.0722882480986,-1458.3246435438668,-1434.0580958551836,-1404.448290875891,-1368.628261091113,-1325.7438518858362,-1275.036525274165,-1215.9536619388819,-1148.278864208718,-1072.264145359135,-988.7349542753836,-899.1329209139731,-805.4661279515094,-710.1558332913919,-615.7980751880423,-524.8870521678327,-439.5609305833859,-361.42259134184496,-291.4620858672097,-230.07698567806074,-177.16417565779193,-132.24799478695786,-94.613306195115,-63.42230310436935,-37.80493353161728,-16.921370521973586,0.0,13.643532587193477,24.60054456440048,33.37198193351651,40.37586630216174,45.95697236032356,50.39709237398711,53.924914549061214,56.72500275768107,58.945662149482814,60.70565455462929,62.099827338941395,63.20376797692734,64.07761403235781,64.7691477920198,65.31629500882627,65.74913327856484
3.393e-09,-1569.8869729807393,-1565.6729620270253,-1560.374067775505,-1553.7211833647598,-1545.3843693932304,-1534.9625232138242,-1521.9733198731628,-1505.8448789464346,-1485.91146260823,-1461.4165859698696,-1431.5281064396768,-1395.3708516447077,-1352.0825626898913,-1300.8974734888252,-1241.2576497651535,-1172.9445221761962,-1096.2123308518385,-1011.8941581432373,-921.4451029215525,-826.8921122348074,-730.6792823413089,-635.4272259518293,-543.6538349554285,-457.51766494529875,-378.63695602518055,-308.01132274300835,-246.0422699632436,-192.625839084998,-147.28195650774433,-109.28876623014366,-77.80054897811351,-51.93901184212518,-30.85635824120982,-13.773642156022106,0.0,11.061513726850535,19.91661564993774,26.987309966028988,32.621657184241485,37.10413582787805,40.665614565288706,43.49241729451751,45.73426359646328,47.51104807779848,48.91852284808556,50.03299644968138,50.91518015637121,51.61331211349534,52.16567990814292,52.60264810132139
2.683e-09,-1592.8723480912304,-1588.6267849574142,-1583.2882137694796,-1576.5855112844802,-1568.1862653101525,-1557.6863661303287,-1544.5998713533081,-1528.3506092309435,-1508.2678429375483,-1483.5894020664273,-1453.4768822621227,-1417.048514289978,-1373.435522999942,-1321.8663301555862,-1261.7787270847875,-1192.9523968257054,-1115.6433679523616,-1030.6908580211093,-939.560792966633,-844.2952853831557,-747.3567930345271,-651.3856870292802,-558.918910283377,-472.1314136684159,-392.6537887723425,-321.4933415244959,-259.0547414387984,-205.23335341679922,-159.54555718935808,-121.26409506767959,-89.53688618934393,-63.4790116965014,-42.236267003256216,-25.02381069313924,-11.145545381124975,0.0,8.922378125924297,16.046795607755485,21.723955107263464,26.240495196976553,29.829037884341233,32.67732233161223,34.936205487752886,36.72649284591898,38.14466403730694,39.26760742935949,40.1564956281145,40.85993334398154,41.41649912294815,41.8567882807838
2.121e-09,-1611.402968123195,-1607.132125218348,-1601.7617646448925,-1595.0191476098153,-1586.5698806845103,-1576.0074448347477,-1562.8429992985657,-1546.4969340027492,-1526.2945067541368,-1501.4689916656607,-1471.1769671131915,-1434.5313779817225,-1390.6582276624831,-1338.7812804081295,-1278.3349019077978,-1209.0973738832508,-1131.3261566612564,-1045.865382322696,-954.1896508117388,-858.3532253138364,-760.8332755313968,-664.2860044655899,-571.2636208004915,-483.95421373045974,-403.9982732814824,-332.40926984334146,-269.5944100653651,-215.44851786927757,-169.48513186675336,-130.97266654694977,-99.05394381979931,-72.8387355855557,-51.46770252767237,-34.15127917298014,-20.189174175811786,-8.976289997473941,0.0,7.1674686492006,12.878935881781217,17.422771215940884,21.03300169254726,23.898500594761572,26.171036301569984,27.972144246075914,29.398887060517154,30.528617756590393,31.422878630160994,32.130568140157266,32.69049799331333,33.133448421762296
1.677e-09,-1626.282619497204,-1621.9915774465444,-1616.5958163773757,-1609.8213066240169,-1601.3320716870112,-1590.719667404781,-1577.4929371088183,-1561.0695233618717,-1540.7714834939798,-1515.828451543537,-1485.3929967690601,-1448.573840228848,-1404.4928128586616,-1352.3699569459168,-1291.6369003917134,-1222.070804520281,-1143.9302729237133,-1058.0633638461295,-965.9516075326646,-869.6589757055262,-771.6743936458188,-674.66671528804,-581.2003483007102,-493.4738812097821,-413.13571464189954,-341.204245871344,-278.0887098027488,-223.68349876253706,-177.4998815523686,-138.80281465244116,-106.73104697975941,-80.39010790442262,-58.91655495100713,-41.51704760599387,-27.487943056425138,-16.22124576555143,-7.201872606634424,0.0,5.73888396852999,10.304532077239855,13.932094182462606,16.811349886753305,19.09479592932621,20.90455106760055,22.338143833920185,23.473298556549707,24.3718529661528,25.08294026819931,25.645558498417813,26.09063566324039
1.326e-09,-1638.1925361494177,-1633.8853896151268,-1628.4693770950653,-1621.6694397236897,-1613.148338832736,-1602.4960953690097,-1589.2197062012601,-1572.7346234207653,-1552.3603526063707,-1527.3236255313568,-1496.7738149175711,-1459.816274049117,-1415.5695069796493,-1363.250588209099,-1302.2889624459567,-1232.4608972850547,-1154.0259073568013,-1067.8351807578547,-975.3757728808669,-878.719395871587,-780.3643478081067,-682.9895695816267,-589.1691957392468,-501.1101867210891,-420.46725112026616,-348.26271519150396,-284.9074315882317,-230.29544895235813,-183.93622659840912,-145.09196400202563,-112.8981626249697,-86.45696912788117,-64.90166940158815,-47.43591289062533,-33.35338445682282,-22.043777803122794,-12.990051077482349,-5.760745494528237,0.0,4.583041160913126,8.224423149760696,11.114648247341393,13.406793970549188,15.223444206887507,16.66249898753449,17.801978720624902,18.703956710331113,19.417753344285302,19.982515233012236,20.429288215229462
1.048e-09,-1647.7011874123527,-1643.3812232919518,-1637.9490926029357,-1631.1289173340047,-1622.5824542485316,-1611.8985026608061,-1598.582589820664,-1582.0484243957071,-1561.613480984739,-1536.5021813883795,-1505.861354119199,-1468.7936719308454,-1424.4149908512081,-1371.9400231107138,-1310.7964755612265,-1240.759904189974,-1162.090548426284,-1075.6420871559494,-982.9059730677363,-885.9600788923854,-787.3101626882453,-689.6431939232425,-595.5410492947303,-507.2173530661785,-426.33183496060883,-353.9099488517495,-290.3638353745555,-235.5872698979656,-189.0882716884662,-150.12684592751975,-117.83590934663152,-91.3149161745132,-69.69454824751665,-52.176059149292996,-38.05100667584702,-26.707245246638195,-17.62617392840548,-10.375032362455386,-4.596885617462249,0.0,3.652382290663809,6.551338768396818,8.850409234717517,10.672547809255775,12.115950226925634,13.25887256853457,14.163575649192353,14.879528849043709,15.445997040784277,15.894119854856399
8.286e-10,-1655.2773448630833,-1650.947193298518,-1645.5022518521873,-1638.6659914520933,-1630.0993704242755,-1619.3902171207228,-1606.0428907258647,-1589.4697142146833,-1568.9865479356522,-1543.8159776836983,-1513.1028097779817,-1475.9475864092856,-1431.4640588513976,-1378.8650616701925,-1317.5769203075579,-1247.3746249822652,-1168.5189910070621,-1081.865676783873,-988.9096298693148,-891.7336194199561,-792.8493328001823,-694.9501208287038,-600.6240140031587,-512.0899333881607,-431.01159989576627,-358.4169535773726,-294.7191590186485,-239.81177455874058,-193.20167499106537,-154.14712147327737,-121.77897634111287,-95.1945537917054,-73.52246585528337,-55.962061777405324,-41.80320865741669,-30.432298957093735,-21.329492501165078,-14.06099436723889,-8.269016045658645,-3.661126006019913,0.0,2.905896715961717,5.210471394835622,7.036972439149395,8.483830627221323,9.62948936689645,10.536358518318593,11.254025890197227,11.82185035706425,12.271046100988315
6.551e-10,-1661.3040439968645,-1656.9658043234776,-1651.5106920419275,-1644.6616611823956,-1636.0790361661057,-1625.3498744657845,-1611.9776078982068,-1595.3734592873116,-1574.8520073665713,-1549.6343802503798,-1518.8637787480184,-1481.6390534890343,-1437.0722846600402,-1384.3748160136674,-1322.9718761508193,-1252.6380059957883,-1173.6344779533065,-1086.8185219146835,-993.687860043352,-896.3291488980249,-797.2587833540383,-699.1751807098917,-604.671257347909,-515.970139857709,-434.7387181151207,-362.00690623397895,-298.18868190869034,-243.17743127832364,-196.47912055559573,-157.35062627146908,-124.92117968689854,-98.2863959144961,-76.57324364356464,-58.979560144711286,-44.793870161542145,-33.401405406868435,-24.281341783935204,-16.999062956227135,-11.196102695786976,-6.579475408336293,-2.9114071004805737,0.0,2.3089448935352266,4.138909635883465,5.588511624344392,6.736342999705812,7.644931960494432,8.363960344748193,8.932861662360665,9.38290928747665
5.179e-10,-1666.0920492372534,-1661.7473937789073,-1656.284213616298,-1649.425052756218,-1640.82973278176,-1630.0846996734326,-1616.6926496222186,-1600.0639327656827,-1579.512111203836,-1554.257156751868,-1523.4409966493877,-1486.161139689284,-1441.528340451343,-1388.752760069954,-1327.2587570286778,-1256.8205157831799,-1177.6996712453802,-1090.7546998032449,-997.4855244953505,-899.981885502857,-800.7639119102896,-702.5340400221176,-607.889062011669,-519.0554405966104,-437.7025795435511,-364.86195899989616,-300.94820175122004,-245.85455740772522,-199.0862714943869,-159.89912220756742,-127.42104696161914,-100.7463130606302,-79.00058559631361,-61.38050244470287,-47.173523503672186,-35.76395970116573,-26.630206425452343,-19.33699573627382,-13.525323791425762,-8.901765473103296,-5.22819001759126,-2.3124116717990546,0.0,1.8327124046081735,3.2844909792620456,4.434045850575785,5.34399909199783,6.064107132307981,6.633862687922374,7.084586088585638
4.095e-10,-1669.8920977176786,-1665.5423565444107,-1660.0727810694116,-1653.2055902787251,-1644.6002071604016,-1633.8425929712575,-1620.434860777892,-1603.7866689463444,-1583.2107736977741,-1557.9262302542738,-1527.0739562997078,-1489.7503969511927,-1445.0652559720475,-1392.2277570174992,-1330.6615688001948,-1260.1405931622576,-1180.9267523237868,-1093.879510713632,-1000.5005359493916,-902.8820125571547,-803.5470297086795,-705.2012095804348,-610.4444167194306,-521.5057584459282,-440.056631353571,-367.1297570501156,-303.14026974187436,-247.98131085633577,-201.15755465813345,-161.92390870841336,-129.40728479315294,-102.70088180496168,-80.92933146510404,-63.28832087834235,-49.06446582727585,-37.64134732191451,-28.496742025705316,-21.194865462555754,-15.376287615155888,-10.747234948288678,-7.0692938808279,-4.150050372521946,-1.8348905248458323,0.0,1.453503992761398,2.604425109759177,3.5154598403605632,4.2364237432339,4.806856468436308,5.258115568303765
3.237e-10,-1672.905619973626,-1668.551849627078,-1663.0772074458437,-1656.2036549163677,-1647.5902992388583,-1636.822717644518,-1623.4025612168152,-1606.7389402609188,-1586.1439725346245,-1560.8359870808345,-1529.9551017516533,-1492.5969189529314,-1447.870309919821,-1394.983755566791,-1333.3603781088495,-1262.7738554582102,-1183.486337426355,-1096.3580711939321,-1002.8921065095165,-905.1825644356068,-805.7548792974121,-707.3171973232602,-612.4718172079447,-523.449941526007,-441.9245457545767,-368.92933510533476,-304.8798489999281,-249.6691431842046,-202.80143935234446,-163.53095530320206,-130.9837902582185,-104.2522966449651,-82.46028747841046,-64.80269659562327,-50.56547101076649,-39.13161343981119,-29.97841034668454,-22.669668017402728,-16.845618786694104,-12.212213077134948,-8.53081323805236,-5.608824362767336,-3.2914871996581496,-1.454871001194988,0.0,1.1520035615212691,2.0638951307810203,2.78553711350105,3.356506344374793,3.808189866136672
2.560e-10,-1675.2938874621905,-1670.936926377908,-1665.4582718272104,-1658.5796813804482,-1649.960012161544,-1639.1845372886019,-1625.7545419949893,-1609.078702570674,-1588.4686311662372,-1563.1420817534126,-1532.2385387857685,-1494.8529373114288,-1450.0934892697733,-1397.168087379945,-1335.4994210648256,-1264.860990886933,-1185.5151268710215,-1098.3226960492175,-1004.7878426803072,-907.0062213854726,-807.5051236470281,-708.9946945337106,-614.0791603948528,-524.9913830929145,-443.40558847423745,-370.3562607083004,-306.25926013616845,-251.0075746680559,-204.10506761127908,-164.80541053690104,-132.23405918430944,-105.48269565033479,-83.67448459945808,-66.00376333948589,-51.75594927102429,-40.313587145086785,-31.153575224252563,-23.839395708637312,-18.011013540755812,-13.374160538085562,-9.690021603310015,-6.76585859694751,-4.446797158270783,-2.6088143515698903,-1.1528607789223315,0.0,0.9125701232951542,1.6347490961161384,2.206143200492079,2.6581628336498397
2.024e-10,-1677.185675190216,-1672.8261882025145,-1667.3443573147306,-1660.46177866968,-1651.8371114217844,-1641.055387941622,-1627.6176038421472,-1610.9320918297817,-1590.310063796951,-1564.9688184660554,-1534.0473388662904,-1496.640031737039,-1451.8545870890157,-1398.8984319967385,-1337.193913259809,-1266.5143910329862,-1187.1223379925286,-1099.87911185735,-1006.2897233333606,-908.45104106082,-808.8918267209083,-710.3238077505521,-615.3527365200571,-526.2127884676302,-444.5791793006356,-371.4870098609754,-307.35239455688134,-252.0682676079632,-205.13820861440763,-165.81545673375513,-133.22495829905165,-106.4578647438284,-84.63682746908307,-66.95571154204299,-52.6995150959483,-41.25042033423597,-32.08501820062156,-24.766534332469746,-18.93472199149255,-14.295139936355554,-10.608832594170963,-7.682948434969148,-5.36252197183785,-3.5234572885528905,-2.066646697221586,-0.9131073012758861,0.0,0.7226040815621673,1.2943345374733326,1.7466202535470075
1.600e-10,-1678.6835943336664,-1674.3221082941564,-1668.8377635879842,-1661.95202860075,-1653.323405809664,-1642.536737052469,-1629.0927887300895,-1612.3996216295964,-1591.7681308696374,-1566.4152548779894,-1535.47957984417,-1498.0550943904236,-1453.2490754587598,-1400.2685815980221,-1338.5356884426874,-1267.8236450188233,-1188.39503689286,-1101.1116101168554,-1007.4790611163407,-909.5952193302292,-809.9900099892911,-711.3764128573275,-616.3613880415942,-527.1801505855074,-445.5086996079117,-372.3826240105882,-308.21823928605227,-252.90843716830568,-205.956572729061,-166.61554290530694,-134.00989087351263,-107.23034808651937,-85.39915973402094,-67.70981713831497,-53.44698661216171,-41.99256342810622,-32.822895307908766,-25.501004837577057,-19.666477747759927,-15.024735833019804,-11.336712343592808,-8.409466008761228,-6.087959221575147,-4.248038306250237,-2.790549442783231,-1.636472967438749,-0.7229405261896318,0.0,0.5719966553988343,1.0244929581167526
1.265e-10,-1679.8692731190495,-1675.506205330148,-1670.0198715655279,-1663.1316391229338,-1654.49988650854,-1643.7093048009847,-1630.2604790369842,-1613.5612548469871,-1592.9222767020838,-1567.5601979458734,-1536.613290767571,-1499.1752129523848,-1454.3529145996363,-1401.3531626592157,-1339.5978182020444,-1268.8600423197204,-1189.402509898253,-1102.0872742541833,-1008.4205743858947,-910.5009999636641,-810.8593968788409,-712.2097358041829,-617.15993247613,-527.9460245348855,-446.24463098272827,-373.0917269070451,-308.9037869142994,-253.573669125999,-206.6045509576834,-167.24905856432088,-134.63141612412073,-107.84202277774239,-86.0028022982624,-68.30695027979891,-54.03887047993703,-42.58023113478339,-33.40718751494933,-26.082601540198084,-20.24592638107788,-15.602475457977562,-11.913094051673397,-8.984769883074478,-6.662408279677038,-4.821809863045928,-3.3637843105752836,-2.2092828663735418,-1.2954140293295495,-0.572207288176287,0.0,0.45266293122040224
1.000e-10,-1680.807563138922,-1676.443244004622,-1670.955336666484,-1664.0651284498344,-1655.4308997857297,-1644.6372224846818,-1631.1845381035055,-1614.4805220589114,-1593.8356205304772,-1568.4662613271576,-1537.5104682269703,-1500.0616372840705,-1455.2264600260642,-1402.2114727125445,-1340.438366668208,-1269.680233415169,-1190.1998184988333,-1102.8594183145724,-1009.1657010963827,-911.2178579448446,-811.5474631007273,-712.8692711629228,-617.7919538853348,-528.5521996821881,-446.8271179605654,-373.65298933005033,-309.4464142786637,-254.10022433890845,-207.1174563812565,-167.75052234104078,-135.12339403125588,-108.3262076947758,-86.4806328253544,-68.77963106095558,-54.50739844581403,-43.04542360324558,-33.869709551509004,-26.542991103979148,-20.70461656000407,-16.05981360271835,-12.369357918407331,-9.440181051752006,-7.117143184299493,-5.276008781402197,-3.817558642480435,-2.662720995991549,-1.748586028781574,-1.0251686790616077,-0.45279475471761543,0.0
