sous_population_1_axe_y,1.000e-04,8.685e-05,7.543e-05,6.551e-05,5.690e-05,4.942e-05,4.292e-05,3.728e-05,3.237e-05,2.812e-05,2.442e-05,2.121e-05,1.842e-05,1.600e-05,1.389e-05,1.207e-05,1.048e-05,9.103e-06,7.906e-06,6.866e-06,5.964e-06,5.179e-06,4.498e-06,3.907e-06,3.393e-06,2.947e-06,2.560e-06,2.223e-06,1.931e-06,1.677e-06,1.456e-06,1.265e-06,1.099e-06,9.541e-07,8.286e-07,7.197e-07,6.251e-07,5.429e-07,4.715e-07,4.095e-07,3.556e-07,3.089e-07,2.683e-07,2.330e-07,2.024e-07,1.758e-07,1.526e-07,1.326e-07,1.151e-07,1.000e-07
1.000e-04,0.0,6.677092464062694e-05,0.00013322403530188244,0.0001991873120057333,0.00026449452108632783,0.00032898688870511674,0.00039251473394646833,0.00045494049438838963,0.0005161521997329613,0.0005760526725702899,0.0006345466616678886,0.0006915431473823713,0.0007469594606616175,0.0008007229179994775,0.0008527704738759772,0.0009030471840216349,0.0009515038811370707,0.000998094615543657,0.001042774594912439,0.0010854988933951294,0.0011262225118973184,0.0011649014391764989,0.0012014952428602735,0.0012359701831903824,0.0012683026789907072,0.0012984828084164901,0.0013265168452235177,0.0013524291506557544,0.0013762626768491566,0.001398078379416428,0.0014179537025829198,0.0014359801496402328,0.0014522604345572655,0.001466905310560576,0.0014800304524935715,0.0014917536191558925,0.0015021920218468527,0.0015114602159924826,0.0015196683971748517,0.001526921122666692,0.0015333164490306892,0.001538945395611242,0.0015438917367919455,0.001548231974489801,0.0015520355156292014,0.0015553650070487175,0.0015582766024781571,0.0015608205722239992,0.0015630416016240208,0.0015649794349941802
8.685e-05,-6.67491165007722e-05,0.0,6.658445177498869e-05,0.0001328287591326068,0.00019856179854160164,0.00026361860503410417,0.0003278421633367986,0.0003910851332703429,0.00045321141943080847,0.0005141007313044376,0.0005736577693284005,0.0006317956814547525,0.0006884319976313193,0.0007434889915145472,0.0007968951013073542,0.0008485848557518868,0.0008984972849387799,0.0009465739848430361,0.000992757298420647,0.0010369892835342814,0.001079212022082525,0.0011193690139742647,0.0011574079048453974,0.0011932839603749222,0.0012269638614601334,0.0012584293466370968,0.0012876800211228511,0.0013147352885627041,0.0013396348368130868,0.0013624380834737224,0.001383222448941259,0.001402080699124621,0.0014191179268042095,0.001434448144980012,0.0014481910173292267,0.0014604685688498005,0.0014714027084852394,0.0014811126509637622,0.0014897132749165177,0.001497313691284387,0.0015040163127131075,0.0015099163097174804,0.0015151012285179277,0.0015196511427891086,0.001523638672359762,0.0015271293971551771,0.0015301821284061127,0.001532849519377839,0.0015351784119608369,0.0015372103774887254
7.543e-05,-0.00013314092658262174,-6.656451255111946e-05,0.0,6.637505128824581e-05,0.0001323859608562657,0.00019786283495036453,0.00026264249442035795,0.0003265703607420339,0.0003895021996179306,0.0004513055774866921,0.0005118608495282618,0.0005710652835187774,0.0006288375923953278,0.0006850996524791955,0.0007397771924465605,0.0007927983483994772,0.0008440927914797553,0.0008935906845128107,0.000941221683754186,0.0009869145297706204,0.0010305976802472009,0.001072201259790464,0.00111166011149713,0.0011489176444600736,0.0011839299266567342,0.0012166696335038515,0.001247129012410152,0.0012753219091491243,0.0013012843041977562,0.0013250736091898535,0.0013467667938276565,0.0013664576177835385,0.001384253289437198,0.00140027088259361,0.0014146337696092758,0.001427468227346069,0.0014389005726178966,0.0014490547721020108,0.0014580502326505284,0.0014660006577054048,0.0014730127141970926,0.0014791857181319975,0.001484611038668255,0.0014893722413197776,0.0014935452341082976,0.0014971985263739591,0.001500393600822761,0.0015031854643928829,0.0015056231131547267,0.0015077500445040788
6.551e-05,-0.00019901205683612536,-0.0001327543281019472,-6.6357553237896e-05,0.0,6.614144772014961e-05,0.00013189327674358563,0.00019708738545675276,0.0002615631086845373,0.000325169115716993,0.00038776502437479427,0.00044922253631552106,0.0005094258889375902,0.0005682714558484037,0.000625668579438016,0.0006815441631810534,0.0007358221738563799,0.0007884256337417784,0.0008392757730387016,0.0008882912426226301,0.0009353883257571592,0.0009804821777025558,0.001023489378200087,0.0010643316353948031,0.0011029399132056685,0.0011392591270925337,0.0011732522718465445,0.0012049036440219207,0.0012342209472373262,0.0012612358757684802,0.001286003364659975,0.0013085995222760316,0.0013291186788138643,0.0013476698264272397,0.0013643727894404063,0.0013793544205359695,0.0013927450536177543,0.001404675392707905,0.0014152738440885043,0.0014246644058786436,0.0014329651529922482,0.0014402871109310553,0.0014467335717711,0.0014523997561243498,0.0014573727520147475,0.001461731666267329,0.0014655479397566672,0.0014688857475495302,0.0014718024704479782,0.0014743492423104688,0.001476571467016595
5.690e-05,-0.0002642102518513644,-0.0001984102526602742,-0.0001323234338428212,-6.612743541819111e-05,0.0,6.588306725045529e-05,0.00013135002682659446,0.00019623534412839235,0.0002603817189867968,0.0003236418363324052,0.00038587963033737734,0.0004469708454610368,0.0005068027175835978,0.0005652726967215363,0.000622286283424092,0.000677754293797976,0.000731597086869934,0.000783732196380716,0.000834068124113014,0.0008825096832905692,0.0009289595321154897,0.0009733212497887874,0.0010155034125816677,0.0010554245515152676,0.001093018082642322,0.0011282368683996707,0.0011610568052127378,0.0011914789049356322,0.0012195301582759786,0.001245262498537742,0.0012687506826810561,0.001290089191704012,0.001309388568841689,0.0013267710156550103,0.0013423666335436466,0.0013563096441448568,0.0013687348676247628,0.0013797750510164504,0.0013895586390644688,0.0013982080609667154,0.0014058385476998715,0.0014125573879813806,0.0014184635504017446,0.001423647599023845,0.0014281918346010412,0.001432170601345371,0.001435650720047965,0.0014386919451916643,0.0014413475374025955,0.0014436647981536923
4.942e-05,-0.0003285990826689851,-0.00026338697742153087,-0.00019774470632067265,-0.00013184800934624638,-6.587418034379074e-05,0.0,6.560045311754508e-05,0.00013075802977499228,0.00019531064542168504,0.00025910514318399453,0.00032199866473553353,0.000383859301440026,0.00044456584110737695,0.0005040065292895887,0.0005620769214465839,0.0006186770875896059,0.0006737086032939646,0.0007270718746401361,0.0007786645108650665,0.0008283873325445187,0.0008761346881169399,0.0009217973568268808,0.000965271034594577,0.001006461745669427,0.0010452912714961834,0.0010817020902995139,0.0011156613526336428,0.0011471629936796934,0.0011762288638986194,0.001202907343657974,0.001227271608125431,0.0012494159982462,0.0012694520378089854,0.0012875041424068767,0.0013037054545990481,0.001318193719320575,0.0013311077567700956,0.0013425844830022298,0.0013527567789969543,0.0013617511570469852,0.0013696869683103344,0.001376675425216934,0.0013828192529115073,0.0013882123727802028,0.0013929402183643115,0.0013970800078473076,0.0014007011545481823,0.0014038657725642897,0.001406629225579921,0.0014090406920308743
4.292e-05,-0.00039206288258403915,-0.00032755820099650626,-0.0002624855516455294,-0.00019701758942429308,-0.00013132991532008743,-6.559900782351306e-05,0.0,6.529560812037778e-05,0.00013012216307104352,0.0001943218063922155,0.00025774592714479603,0.0003202558810104549,0.000381722784657161,0.00044202630278680766,0.0005010525091936821,0.0005586910952210377,0.0006148323768916564,0.0006693646685635322,0.0007221726077568736,0.0007731369152752937,0.0008221358672844056,0.0008690484791761387,0.0009137600072256671,0.0009561706410561423,0.000996191475615455,0.0010337544339636168,0.0010688175300669388,0.001101367396417259,0.001131420236135305,0.0011590207331776828,0.0011842400348074196,0.0012071718208050272,0.0012279284813715209,0.0012466363577351841,0.001263431242989557,0.0012784542131722325,0.0012918480432953542,0.0013037534622984603,0.0013143076013987344,0.001323640973422295,0.001331876965433789,0.0013391307149388733,0.0013455083066056047,0.0013511070768608521,0.0013560155593263408,0.0013603138512195052,0.001364073885753506,0.0013673600372525636,0.001370229735596001,0.0013727340042645436
3.728e-05,-0.00045451136220159803,-0.00039082153664665286,-0.0003264324411793116,-0.00026151256737656173,-0.00019623466527855012,-0.00013077369717087207,-6.53046069390914e-05,0.0,6.497211958501892e-05,0.00012945035431911672,0.00019328142011798728,0.0002563209088174076,0.00031843310975448796,0.00037948980755216554,0.00043936814329460045,0.0004979478246167164,0.000555108153159403,0.0006107254567965493,0.0006646715294557413,0.0007168135752920208,0.0007670159373572632,0.0008151436027911177,0.0008610671752291932,0.0009046687533609227,0.0009458480034045913,0.0009845276892036098,0.0010206580232765563,0.0010542194987156047,0.0010852253055810314,0.0011137175783896415,0.0011397651730070974,0.0011634607171934585,0.0011849171520788029,0.001204262457316111,0.001221634913116131,0.001237178673093206,0.0012510398351092715,0.0012633632362228364,0.0012742897603179888,0.0012839539249894418,0.001292482994835783,0.0012999956856709393,0.0013066015689791963,0.0013124012604989665,0.001317486420525398,0.0013219396381779188,0.0013258353695562945,0.0013292402762746032,0.0013322138017954595,0.001334808768552762
3.237e-05,-0.0005158832153516315,-0.00045310250626638595,-0.00038949850018056044,-0.00032523456833736565,-0.0002604795556626887,-0.00019540577885251032,-0.00013018681308130716,-6.499516705812253e-05,0.0,6.463491064902628e-05,0.0001287527016500408,0.00019220420365926054,0.0002548477678990229,0.00031654805800566824,0.00037717390102767973,0.0004365954955858455,0.0004946814625484447,0.0005512963443399599,0.0006062991726178686,0.0006595436122320752,0.000710879963600977,0.0007601590064106548,0.0008072373552625552,0.0008519837376011474,0.0008942854487986643,0.0009340542160588901,0.0009712308081574884,0.0010057879306748386,0.0010377311981137603,0.001067098223921285,0.0010939560750893025,0.0011183974746842213,0.0011405361967576277,0.0011605020921433198,0.0011784361283773562,0.001194485743142946,0.0012088007172063745,0.0012215296841722092,0.001232817319514605,0.0012428021942724526,0.0012516152398363008,0.0012593787888645317,0.0012662060312872256,0.0012722005263468704,0.0012774566943412197,0.0012820601032769983,0.0012860875110704642,0.001289607668474772,0.00129268196775872,0.0012953649733235231
2.812e-05,-0.0005761479945570738,-0.0005143568740388644,-0.00045162628922319065,-0.0003881136639172075,-0.0003239830001709578,-0.00025940294020649745,-0.00019454459385387281,-0.00012957923533705833,-6.46760290189969e-05,0.0,6.428949447044889e-05,0.00012803953469732367,0.00019110344710037168,0.00025333957234085656,0.0003146090947389697,0.0003747732438143408,0.00043369036986425167,0.0004912135174757488,0.0005471891322652109,0.0006014574183739237,0.0006538546293479684,0.0007042172649275825,0.0007523878233922764,0.000798221490671598,0.0008415929880402329,0.0008824027781156726,0.0009205819401183822,0.0009560952373594027,0.0009889421625920267,0.00101915600699203,0.0010468012126348004,0.001071969410463342,0.0010947746090910122,0.0011153479932752056,0.0011338327330221239,0.0011503791166676464,0.0011651402236865995,0.0011782682604125102,0.0011899116036463127,0.001200212537499455,0.0012093056280748967,0.0012173166566024495,0.0012243620210766826,0.001230548515681099,0.001235973403006577,0.0012407247035544095,0.0012448816381925147,0.0012485151706713438,0.001251688608091826,0.0012544582268408087
2.442e-05,-0.0006353056364765929,-0.0005745706612846381,-0.000512788306596291,-0.00045010935452842807,-0.0003866921496419968,-0.0003227007416222536,-0.0002583027747450608,-0.00019366723152135137,-0.00012896219521907337,-6.435285288298141e-05,0.0,6.394069178714467e-05,0.0001273184414801341,0.00018998608476601501,0.0002517978697486093,0.0003126066463228095,0.00037226096726254276,0.0004306027416855428,0.0004874660903309157,0.0005426779282219733,0.0005960605563639755,0.000647436223441425,0.000696633285410155,0.0007434933147268921,0.0007878783479965687,0.0008296774400833994,0.0008688118099801894,0.0009052380851021914,0.0009389494241950412,0.0009699745695497478,0.0009983751016400073,0.00102424131677082,0.0010476872138601967,0.0010688450693845685,0.0010878600190443871,0.0011048849733434713,0.0011200760925671157,0.0011335889501840495,0.001145575432197197,0.0011561813577982312,0.0011655447641733784,0.0011737947732411128,0.0011810509470076593,0.001187423037343342,0.0011930110418645148,0.0011979054874100403,0.0012021878741830358,0.0012059312254918114,0.0012092006992186857,0.0012120542271390855
2.121e-05,-0.0006933832517901405,-0.0006337574108466748,-0.0005729847335704903,-0.0005112087965265556,-0.00044858159651651065,-0.0003852617882115338,-0.00032141265465570994,-0.00025719992106201274,-0.0001927895807393755,-0.0001283459591121857,-6.403028043204181e-05,0.0,6.359089733703029e-05,0.00012659056268256915,0.0001888470327142031,0.0002502054007600366,0.00031050494308905484,0.0003695768567755619,0.00042724327126290006,0.00048331806567504174,0.0005376097711257311,0.0005899265063542877,0.0006400825522074752,0.0006879058870722264,0.0007332458392001534,0.0007759799927286358,0.0008160196075374083,0.0008533130437653048,0.0008878469660454631,0.0009196453832177017,0.0009487668098505488,0.000975299988599564,0.0009993586800739387,0.0010210760191911158,0.0010405988739529376,0.0010580825475179343,0.00107368605868408,0.0010875681356081628,0.00109988397284441,0.0011107827371175556,0.0011204057629975277,0.001128885353509873,0.0011363440890974296,0.0011428945473439013,0.0011486393418999132,0.0011536713991679116,0.0011580744032753756,0.0011619233521429988,0.0011652851790479985,0.0011682194044377522
1.842e-05,-0.0007504291278974265,-0.0006919526036984975,-0.0006322382784709063,-0.0005714220827172699,-0.0005096490958599762,-0.00044707189037455474,-0.00038384859995507087,-0.00032014082469874246,-0.00025611154534973483,-0.0001919232755025228,-0.0001277367180487557,-6.371018815550227e-05,0.0,6.323812005544103e-05,0.00012584672458842462,0.00018766379143926246,0.00024851987416067266,0.0003082359275414586,0.00036662248155329034,0.0004234807007072452,0.0004786056043236601,0.0005317913824510172,0.0005828383901038997,0.0006315611122829634,0.0006777962232401534,0.000721409846122895,0.0007623032485889075,0.0008004164498813305,0.0008357295096050065,0.0008682615591212774,0.0008980678750025776,0.000925235451758892,0.000949877600729634,0.0009721280937310551,0.000992135304470499,0.0010100567020544264,0.0010260539411865743,0.0010402886896159012,0.0010529192454733181,0.0010640979300215784,0.0010739691953872508,0.0010826683596618443,0.0010903208696218573,0.0010970419901874802,0.0011029368259087738,0.0011081005901830594,0.0011126190502588882,0.0011165690887601134,0.001120019334443631,0.0011230308256105059
1.600e-05,-0.0008065042718855301,-0.0007492055175718076,-0.0006905863700844431,-0.0006307747861967533,-0.000569908471433316,-0.0005081333397635272,-0.00044560169370552304,-0.00038247023998312993,-0.0003188981150646815,-0.00025504515102750796,-0.00019107064794619388,-0.00012713291262443985,-6.338975551540508e-05,0.0,6.287413818529966e-05,0.00012506416598011228,0.0001863924860174503,0.00024667031202556776,0.000305697009735179,0.0003632614037304507,0.00041914532074762605,0.0004731292897319898,0.000524999958147373,0.0005745584875080163,0.0006216290196225426,0.0006660662896970215,0.000707761598027773,0.0007466466009780795,0.0007826946869684461,0.0008159200036046408,0.0008463744483175927,0.0008741430975781417,0.0008993386213900076,0.0009220952208454794,0.0009425625584693481,0.0009609000488511005,0.0009772717634621694,0.0009918420958619978,0.0010047722424770355,0.0010162174846334634,0.0010263252099003495,0.0010352335825899442,0.0010430707606139552,0.001049954554635696,0.001055992431757002,0.00106128177668054,0.0010659103360031812,0.0010699567843616997,0.0010734913635051615,0.0010765765564147672
1.389e-05,-0.000861672181834213,-0.0008055691918633302,-0.0007480713389568954,-0.0006892983786551897,-0.0006293802890211153,-0.0005684558527099645,-0.0005066709610650967,-0.00044417675717762497,-0.0003811277936497568,-0.00031768043567701387,-0.0002539917738196393,-0.0001902193019155114,-0.00012652154481485956,-6.305968019628414e-05,0.0,6.24831669162754e-05,0.0001242046484074607,0.0001849664356669647,0.00024455719431861226,0.0003027538224509045,0.00035932531994928773,0.000414038874309484,0.00046666769906279337,0.0005169998585756682,0.0005648471393615243,0.0006100530148407143,0.0006524988921597433,0.0006921080875273876,0.0007288472915777371,0.0007627255960996507,0.0007937914072045473,0.000822127737446401,0.0008478464429290339,0.0008710819619042929,0.0008919850408869849,0.0009107168286430155,0.0009274436010395259,0.0009423322684989971,0.0009555467237672998,0.0009672450158779429,0.0009775772869449985,0.0009866843792034796,0.0009946970065651092,0.001001735383567633,0.0010079092110157574,0.0010133179285855862,0.001018051157729405,0.0010221892716544881,0.001025804041863045,0.0010289593221139907
1.207e-05,-0.0009159878178345653,-0.0008610894632445844,-0.0008047295421415184,-0.0007470194679521304,-0.0006880812292413573,-0.0006280460990233648,-0.0005670530728620819,-0.0005052471541789933,-0.000442777663078073,-0.0003797967981430191,-0.0003164587120587617,-0.000252919350311498,-0.00018933722878275916,-0.0001258751832861776,-6.270292362685207e-05,0.0,6.204140911491782e-05,0.0001232145954477258,0.0001832980042664892,0.00024205704572821804,0.0002992482914240214,0.0003546259456001584,0.0004079501037655151,0.00045899600364241724,0.0005075632979660376,0.0005534843676997755,0.000596630841936121,0.0006369177572701813,0.0006743051142097719,0.0007087969071479802,0.0007404379653863963,0.000769309114722087,0.0007955212444376854,0.0008192088543982948,0.0008405235841321755,0.0008596281167638814,0.00087669072965344,0.0008918806489037808,0.000905364267946354,0.0009173022163314094,0.000927847214020062,0.0009371426162829749,0.0009453215406666723,0.000952506465965855,0.0009588091996709158,0.0009643311215928444,0.0009691636247666918,0.0009733886885277192,0.0009770795317140635,0.0009803013056375338
1.048e-05,-0.0009694869064491123,-0.0009157942155214567,-0.0008605805830714181,-0.0008039490129419105,-0.0007460133222037205,-0.0006868969809296901,-0.0006267316924840902,-0.0005656558339424958,-0.0005038129327219042,-0.0004413504064388384,-0.0003784188217116659,-0.00031517191322774814,-0.00025176752843748644,-0.0001883695185256988,-0.00012515039468699758,-6.229434379996035e-05,0.0,6.151774578709839e-05,0.00012202760246629541,0.00018128394421504596,0.00023903133382094897,0.00029501137724762243,0.0003489713987806639,0.0004006741134101174,0.0004499072961159441,0.0004964924391470346,0.000540291542020099,0.000581211453918689,0.000619205522362823,0.0006542726298011414,0.0006864539677107705,0.000715828074227088,0.0007425047383852624,0.0007666183633279022,0.0007883213057334314,0.0008077775964846962,0.0008251573230546412,0.0008406318360663335,0.0008543698427052855,0.0008665343733952119,0.0008772805557867168,0.0008867540989641325,0.0008950903766493934,0.0009024139965244492,0.0009088387494263078,0.0009144678436476005,0.0009193943432922922,0.0009237017437711084,0.0009274646309116895,0.0009307493821486953
9.103e-06,-0.0010221767303839873,-0.0009696840193511511,-0.0009156178246764457,-0.0008600727346197946,-0.0008031542822465581,-0.0007449779175404498,-0.000685667736445161,-0.0006253550873902228,-0.0005641772303915044,-0.0005022762720940221,-0.0004397986258148443,-0.0003768952283563134,-0.0003137226670443267,-0.00025044522419062024,-0.00018723764396783114,-0.00012428820221203202,-6.180146370009243e-05,0.0,6.0875640651691584e-05,0.00012056925246800359,0.00017881382041138932,0.00023533875453515948,0.0002898789765326186,0.00034218500744171093,0.00039203302718901316,0.0004392338705106985,0.000483640083242704,0.000525150446107246,0.0005637117164050288,0.0005993176743027554,0.0006320058350494512,0.0006618523691360365,0.0006889658511359613,0.0007134804466631369,0.0007355490695913004,0.00075533692633042,0.0007730157360125215,0.0007887587942056926,0.0008027369452674052,0.0008151154500696451,0.0008260516819833153,0.0008356935519403339,0.0008441785487940407,0.0008516332794047954,0.0008581733996033871,0.0008639038388953929,0.0008689192357899801,0.0008733045150971087,0.0008771355522448712,0.0008804798819484036
7.906e-06,-0.0010740294263999763,-0.0010227252181339171,-0.000969801284458028,-0.0009153438434938515,-0.0008594500923357067,-0.0008022273122950565,-0.0007437917518229964,-0.0006842674083630007,-0.0006237848825179485,-0.0005624805231138606,-0.0005004961041486108,-0.00043797925437132025,-0.0003750847797424589,-0.0003119768716201431,-0.00024883199126144546,-0.0001858419977929242,-0.0001232168929692747,-6.118644791116125e-05,0.0,6.0076118439239806e-05,0.00011876375029932443,0.00017578052288171097,0.00023084933937422012,0.0002837088745257037,0.0003341240171242017,0.00038189519821236464,0.0004268657091090677,0.000468926404354331,0.0005080175367366368,0.0005441278160190017,0.0005772910640737374,0.0006075810238959835,0.0006351049602863709,0.0006599966781400666,0.000682409504876857,0.0007025096652028277,0.0007204703451764191,0.0007364666182220277,0.0007506713005952909,0.0007632517233876336,0.0007743673528776847,0.0007841681580716049,0.0007927936092159095,0.0008003721891357038,0.0008070213060613995,0.0008128475085362472,0.0008179469173058814,0.0008224058038625581,0.0008263012593271307,0.000829701909909321
6.866e-06,-0.0011249785553802535,-0.001074846261337208,-0.0010230537496334407,-0.0009696789573269242,-0.0009148107471361206,-0.0008585481457427605,-0.0008009993844360335,-0.000742280863809534,-0.0006825162135155969,-0.0006218356598269269,-0.0005603759326433576,-0.0004982809203541655,-0.00043570319848069364,-0.0003728064098543621,-0.0003097682722899677,-0.0002467837678453745,-0.00018406787650055226,-0.00012185711255442624,-6.040914970646509e-05,0.0,5.908147391404635e-05,0.00011654153662239795,0.000172091468628541,0.00022545846148137177,0.0002763964348328255,0.0003246956897222102,0.0003701904830445556,0.00041276390684001196,0.00045234981650679046,0.0004889319043485658,0.0005225403021535719,0.0005532462851777849,0.0005811557317606806,0.0006064019804202041,0.0006291386448462905,0.0006495328259912519,0.0006677590260896374,0.0006839939421331188,0.0006984122086533136,0.000711183077284694,0.0007224679639134799,0.0007324187603856198,0.000741176792238262,0.0007488723018523971,0.0007556243433095651,0.0007615409873719379,0.0007667197495874467,0.0007712481695892081,0.0007752044839589062,0.0007786583478451552
5.964e-06,-0.0011749193515112853,-0.0011259377282363935,-0.0010752605912034063,-0.0010229577234960726,-0.0009691097035896797,-0.0009138072759366598,-0.0008571505519887552,-0.0007992481635892062,-0.0007402165367348208,-0.0006801794916758133,-0.0006192683905090176,-0.000557623027209686,-0.0004953933707740445,-0.00043274212358027347,-0.00036984785620627035,-0.0003069082601099317,-0.000244142871275041,-0.00018179451719545778,-0.00012012877192533068,-5.943088868779964e-05,0.0,5.7859221396833974e-05,0.0001138468394681737,0.00016767893981241375,0.00021909881192655814,0.00026788691945964444,0.0003138687251117195,0.00035691974285559933,0.0003969675587039861,0.0004339909210795351,0.00046801629506603706,0.0004991124672493099,0.0005273838711882467,0.0005529632906718096,0.0005760045145526325,0.0005966753929689864,0.0006151516073818223,0.000631611336686936,0.0006462308915550444,0.0006591813048806364,0.0006706258082189464,0.0006807180894175882,0.0006896012107042515,0.0006974070642877654,0.000704256249483671,0.0007102582677062184,0.0007155119465104948,0.0007201060192185138,0.0007241198012387334,0.000727623917263445
5.179e-06,-0.0012237126480399525,-0.0011758560696194676,-0.0011262733346372256,-0.0010750262336062747,-0.0010221871560932424,-0.0009678385922187458,-0.000912072495590003,-0.0008549896295827067,-0.0007966990613919788,-0.0007373180022010569,-0.0006769722031704038,-0.0006157970877958621,-0.0005539397153355597,-0.0004915615213949495,-0.0004288415822359462,-0.00036597993198619026,-0.0003032002768859725,-0.00024075135393504966,-0.0001789062182998239,-0.0001179589339347733,-5.8218468153300486e-05,0.0,5.6385734752560385e-05,0.00011064410751694892,0.0001625081339570525,0.0002117487522124077,0.00025818289145452915,0.00030167869300553804,0.00034215762252624154,0.0003795935788139639,0.0004140094036489848,0.0004454713931543999,0.0004740824958833251,0.0004999748694879858,0.0005233023826095658,0.0005442335220120199,0.0005629450247069344,0.0005796164219099608,0.0005944255692264264,0.0006075451513751157,0.0006191400904733643,0.0006293657514229996,0.0006383668215678463,0.0006462767394532212,0.0006532175545330365,0.0006593001121833349,0.0006646244734693795,0.0006692804947311878,0.0006733485068910563,0.000676900047702547
4.498e-06,-0.0012711920686788078,-0.0012244306772589927,-0.0011759166178870778,-0.001125703881963949,-0.0010738568085610586,-0.0010204497149376422,-0.0009655664218200743,-0.000909299795101902,-0.0008517514642880394,-0.000793031907695124,-0.0007332611018637208,-0.0006725699006127268,-0.0006111022219587865,-0.0005490179727924128,-0.000486496443393727,-0.0004237396892628766,-0.0003609752362056921,-0.0002984573518827467,-0.0002364661685860061,-0.00017530413717828288,-0.00011528962385896858,-5.6747875899773505e-05,0.0,5.46490686221205e-05,0.00010692244662225368,0.00015658187879665462,0.00020343604273590204,0.0002473459341577767,0.0002882270688653768,0.00032604861117697774,0.00036082984299189115,0.00039263458711862737,0.0004215642846010009,0.00044775041197129065,0.00047134683738304364,0.000492522585445126,0.000511455337541847,0.0005283258588980526,0.0005433134289696295,0.0005565922639112902,0.0005683288593537478,0.0005786801454596888,0.0005877923294482276,0.0005958002983031999,0.0006028274614502168,0.0006089859258722407,0.0006143769114547175,0.0006190913302231305,0.000623210468224228,0.0006268067223480717
3.907e-06,-0.0013171737217405497,-0.0012714735277410665,-0.0012239977930395968,-0.0011747929340440721,-0.0011239154193316359,-0.0010714315267810939,-0.0010174170305449863,-0.0009619569390184168,-0.0009051454395808166,-0.0008470862311988374,-0.0007878934294900455,-0.0007276931940544623,-0.0006666261395353564,-0.0006048504441123238,-0.0005425453733515825,-0.0004799147257823237,-0.00041718952870752144,-0.0003546292240972056,-0.00029252063039813137,-0.00023117416607352928,-0.00017091715748947332,-0.00011208447320088357,-5.500714836014029e-05,0.0,5.265058412633932e-05,0.00010269750897627964,0.00014994150460446868,0.0001942366703677552,0.00023549276448074467,0.00027367435288613504,0.0003087972408796296,0.0003409228136676272,0.0003701509994461509,0.0003966125543656716,0.00042046128009896877,0.0004418666532062074,0.0004610071998261108,0.0004780648111991758,0.0004932200787171933,0.0005066486377024613,0.0005185184474195909,0.0005289878978122571,0.0005382046162821586,0.0005463048452203469,0.0005534132681198887,0.0005596431749443406,0.0005650968729673154,0.0005698662654113609,0.000574033535539485,0.0005776718876164353
3.393e-06,-0.0013614673868255498,-0.0013167903885820753,-0.0012703181578374387,-0.0012220897896688347,-0.0011721541022972435,-0.001120569517933572,-0.0010674039096977127,-0.0010127345350302366,-0.0009566482064446756,-0.0008992418713356385,-0.000840623772167543,-0.0007809153209414289,-0.0007202537325699237,-0.0006587953148673364,-0.0005967191193711335,-0.0005342304489083403,-0.0004715635437362196,-0.0004089826834710658,-0.00034678099227086886,-0.0002852764392392063,-0.00022480486752644814,-0.00016571030960216716,-0.00010833327165772491,-5.2998009448657415e-05,0.0,5.0405197169909634e-05,9.801069100725092e-05,0.00014266395600626277,0.00018426920667931595,0.00022278656729598058,0.0002582284691436251,0.0002906539134124595,0.00032016132646122764,0.0003468807196070141,0.000370965775355548,0.0003925863481987761,0.0004119217199464978,0.00042915480916392527,0.0004444674154468666,0.00045803648819209373,0.0004700313466945061,0.0004806117406775277,0.0004899266228077653,0.0004981135020092156,0.0005052982535539235,0.0005115952749025284,0.0005171078920152188,0.0005219289371946067,0.0005261414350706834,0.0005298193473086531
2.947e-06,-0.0014038880737413184,-0.0013601924544748246,-0.0013146846732457777,-0.001267396785645314,-0.0012183702178936691,-0.0011676557679915957,-0.0011153136097571126,-0.0010614134192046274,-0.001006034768883105,-0.0009492679522081831,-0.0008912153956082986,-0.0008319937764005971,-0.0007717368743310853,-0.0007105990388517128,-0.0006487589632017563,-0.0005864232514467558,-0.0005238290943569692,-0.00046124528935951627,-0.00039897089412026417,-0.00033733101203707464,-0.0002766695537743508,-0.00021733924714990036,-0.00015968959665544182,-0.0001040538353452177,-5.07360940564393e-05,0.0,4.794028285009947e-05,9.29258971085283e-05,0.00013485574819895865,0.00017368569503665218,0.00020942491576181723,0.00024213009790959722,0.00027189819223751976,0.00029885845445894307,0.0003231644074164048,0.00034498622029914593,0.0003645038509911833,0.00038190115499657203,0.00039736104362652225,0.0004110616815579185,0.00042317364997766956,0.00043385796312195996,0.00044326480810118933,0.00045153287503989226,0.00045878915176179435,0.00046514907038609603,0.0004707169091435837,0.0004755863692750815,0.00047984126263566186,0.00048355625979289033
2.560e-06,-0.0014442668700138136,-0.0014015073110530984,-0.0013569210456413007,-0.0013105333979189673,-0.0012623786959200692,-0.0012125003891101985,-0.0011609512056554561,-0.0011077934677093336,-0.0010530997048824099,-0.0009969537180820093,-0.0009394522379932119,-0.0008807072802637186,-0.0008208492089582585,-0.0007600303752324637,-0.0006984290097988058,-0.0006362528463002893,-0.0005737417862290086,-0.0005111688392234388,-0.00044883863074976667,-0.0003870829818152701,-0.00032625341519257464,-0.000266710874634275,-0.00020881337570370943,-0.00015290265020204445,-9.92910284659176e-05,-4.824978883775661e-05,0.0,4.5293461479283675e-05,8.752444551936474e-05,0.00012664473990916386,0.0001626604071358938,0.0001956259066733957,0.00022563675369742346,0.00025282144989180553,0.00027733332889973107,0.00029934282103333135,0.0003190304891174619,0.0003365810425882674,0.0003521784143928927,0.0003660018912442415,0.00037822322287887466,0.0003890045969165987,0.00039849734765674827,0.000406841264164114,0.00041416437023232425,0.00042058306207923757,0.0004262025057528841,0.0004311172129817932,0.00043541173016236256,0.00043916138952411867
2.223e-06,-0.0014824601618872299,-0.0014405882886074422,-0.0013968772137688016,-0.0013513458614421575,-0.0013040217869643954,-0.001254941406444312,-0.0012041503023773117,-0.0011517037223048544,-0.0010976674050941475,-0.0010421188771478447,-0.0009851493493943323,-0.000926866301582477,-0.000867396749571904,-0.0008068910480870444,-0.0007455268957389481,-0.0006835130111302401,-0.0006210917860985012,-0.0005585401490360697,-0.0004961679330039454,-0.0004343132596095374,-0.0003733348030831333,-0.00031360123446358846,-0.00025547858083364156,-0.00019931657961882966,-0.0001454352902834138,-9.411320885885713e-05,-4.5577923387746244e-05,0.0,4.2509625645932234e-05,8.189887992444663e-05,0.00011817086159822323,0.00015137790094239302,0.00018161412962143433,0.00020900730769598738,0.00023371055972462498,0.000255894532103063,0.00027574032896531464,0.0002934334372333247,0.0003091587271250758,0.00032309651910724475,0.00033541964242190993,0.0003462913706603148,0.00035586410126641843,0.0003642786427559431,0.00037166398070136294,0.00037813740692148757,0.0003838049126074091,0.0003887617630600822,0.0003930931878584928,0.0003968751347980608
1.931e-06,-0.0015183565780977366,-0.0014773215328832585,-0.0014344365456549343,-0.0013897144913925822,-0.0013431765050864004,-0.0012948523183190196,-0.0012447807074263085,-0.0011930101686697695,-0.0011395999493522685,-0.0010846215674078698,-0.0010281609371809658,-0.0009703211728563131,-0.0009112260499950404,-0.0008510239639065416,-0.0007898920406703511,-0.0007280398620582995,-0.0006657121064481191,-0.0006031893381994195,-0.0005407862430967213,-0.0004788468270214984,-0.0004177364517791004,-0.00035783102062973693,-0.000299504063715175,-0.0002431128201960714,-0.00018898459623320225,-0.00013740465924882202,-8.860671807195452e-05,-4.276668553711066e-05,0.0,3.963762565251973e-05,7.614649014553053e-05,0.00010957690437712626,0.00014002167866232788,0.00016760785304035337,0.00019248833140387243,0.0002148339386339247,0.00023482626316691322,0.0002526514988303477,0.0002684953739187988,0.0002825391589117176,0.00029495667748921477,0.00030591220527577054,0.0003155591218449278,0.0003240391783117841,0.00033148225013099894,0.0003380064582187295,0.0003437185579671905,0.00034871451283832256,0.0003530801855406206,0.00035689209447231727
1.677e-06,-0.00155188131733074,-0.0015116304353008946,-0.001469520369508703,-0.0014255583118751125,-0.0013797593505708709,-0.0013321469083607787,-0.0012827533267146126,-0.0012316207094969765,-0.0011788021495488048,-0.001124363461126108,-0.001068385523198582,-0.001010967290620925,-0.0009522294391492397,-0.0008923184701157901,-0.0008314109203944472,-0.00076971713206278,-0.0007074838804541415,-0.000644995092958438,-0.0005825699591599834,-0.0005205579554632424,-0.0004593306671026114,-0.00039927073189504215,-0.00034075867009592323,-0.00028415871273703005,-0.00022980492312547895,-0.00017798888581445696,-0.00012895002330852402,-8.286924341369519e-05,-3.9866195297014184e-05,0.0,3.672701359927564e-05,7.036325526102493e-05,0.00010100028410448946,0.00012876444924744173,0.0001538084292973408,0.000176303196427423,0.0001964307722151044,0.00021437799211089167,0.00023033136806376421,0.00024447304110131836,0.00025697774808901893,0.0002680106861363278,0.00027772613893399956,0.0002862667259968376,0.000293763143101684,0.0003003342758130193,0.00030608758458544605,0.00031111967721117635,0.00031551700085845347,0.0003193566007748975
1.456e-06,-0.001582997828579047,-0.001543477379054008,-0.0015020897825997327,-0.0014588369240448817,-0.0014137282331660454,-0.0013667812191273184,-0.0013180221832911356,-0.0012674872225104474,-0.0012152236406928947,-0.0011612918823519958,-0.001105768080972664,-0.0010487472654774261,-0.000990347177123882,-0.0009307125106021012,-0.0008700192156022618,-0.0008084783071073813,-0.0007463384802177185,-0.0006838867620402194,-0.0006214465042405147,-0.0005593722451367896,-0.0004980413326402884,-0.0004378426433616898,-0.00037916317532782134,-0.00032237364102638945,-0.0002678143697653441,-0.00021578280642681148,-0.00016652367668902948,-0.00012022252746567846,-7.700292210136147e-05,-3.692715345506546e-05,0.0,3.3825170902926274e-05,6.463874318227841e-05,9.256640994330509e-05,0.0001177606255564614,0.0001403924837410928,0.00016064439322110513,0.00017870377063265329,0.00019475784165547605,0.00020898954254110246,0.000221574445869789,0.0002326785931198185,0.00024245709718320393,0.0002510533745547906,0.0002585988742583082,0.00026521318427023127,0.0002710044129328494,0.0002760697602758517,0.0002804962107920421,0.000284361294176813
1.265e-06,-0.0016117070760873608,-0.0015728630267313158,-0.0015321449580297016,-0.0014895498282152583,-0.0014450818054604249,-0.001398752892477934,-0.001350583760285639,-0.0013006049014979097,-0.0012488582155721134,-0.0011953991308737083,-0.0011402993448380713,-0.0010836502125936278,-0.0010255667236336507,-0.0009661918691609992,-0.0009057010278258467,-0.0008443058126175358,-0.0007822566722851965,-0.0007198434802175102,-0.0006573934173559918,-0.0005952656834438295,-0.0005338429357369533,-0.0004735198006042612,-0.00041468924747411606,-0.0003577279649840527,-0.00030298206142148143,-0.00025075438822768194,-0.00020129456562451497,-0.0001547924244639557,-0.00011137514519018836,-7.110795464919948e-05,-3.399790048899936e-05,0.0,3.09750353287069e-05,5.905228169075533e-05,8.438397472526702e-05,0.00010714130853276037,0.00012750703757396804,0.00014566910372441552,0.00016181538079341768,0.0001761295290316424,0.00018878788310358564,0.00019995725529985565,0.00020979351606812682,0.0002184408104451245,0.0002260312763268037,0.00023268514429756635,0.0002385111155924968,0.00024360693233178464,0.00024806007092774635,0.00025194850465565027
1.099e-06,-0.001638044809424663,-0.0015998235703448753,-0.0015597223709173775,-0.0015177336224227876,-0.0014738566301465733,-0.001428098302034116,-0.0013804740953341425,-0.0013310093098320443,-0.0012797408349540904,-0.0012267194472176872,-0.001172012728449676,-0.0011157086230733815,-0.0010579195622410146,-0.000998786947195456,-0.0009384856118227398,-0.0008772277022752926,-0.0008152652650086959,-0.0007528907767241906,-0.0006904349256880147,-0.0006282611838146195,-0.0005667570758655909,-0.0005063225004560438,-0.0004473559032945572,-0.00039023945449187135,-0.00033532456396363894,-0.0002829190443539328,-0.0002332770087303919,-0.00018659222203073773,-0.00014299518838352008,-0.00010255383284928999,-6.527729240673108e-05,-3.112210635463448e-05,0.0,2.8213527742676405e-05,5.3670502646911526e-05,7.654220184448576e-05,9.701168821366155e-05,0.00011526737713672729,0.00013149772916464962,0.00014588706143909332,0.00015861240102717266,0.00016984126120671902,0.0001797302018178835,0.0001884240312177896,0.00019605551474524176,0.00020274546846542427,0.0002086031339293016,0.00021372674737251763,0.00021820423366423732,0.00022211397052185246
9.541e-07,-0.0016620773638330037,-0.0016244264743486025,-0.0015848904802728274,-0.0015434576196490077,-0.001500122729493503,-0.0014548880323259719,-0.0014077641874495595,-0.0013587717138403292,-0.0013079428870354675,-0.0012553241986179805,-0.0012009794385991319,-0.0011449934078233376,-0.001087476177302199,-0.0010285676775139085,-0.0009684422306272338,-0.0009073124592153463,-0.0008454318611157414,-0.0007830952846065707,-0.0007206366161478122,-0.0006584232248041878,-0.0005968470763307136,-0.0005363128800572846,-0.0004772240789637258,-0.0004199678456472738,-0.00036490042903411903,-0.0003123341709256539,-0.00026252728706339544,-0.0002156771361220373,-0.00017191725987401787,-0.00013131805108265076,-9.38905594772008e-05,-5.959271990625854e-05,-2.8337189801001545e-05,0.0,2.5570676665212944e-05,4.854618615774591e-05,6.910986612552192e-05,8.745055771556707e-05,0.00010375725097435447,0.00011821485698487689,0.0001310010296071318,0.0001422839171909213,0.0001522207045016469,0.00016095680144425414,0.00016862554255566483,0.0001753482751693865,0.00018123473122304626,0.00018638359548295638,0.0001908831999585343,0.0001948122895896482
8.286e-07,-0.0016838965411072001,-0.0016467652706375169,-0.0016077444344856548,-0.0015668184607031213,-0.001523978103191347,-0.0014792212999506986,-0.0014325543207432119,-0.0013839933093295598,-0.0013335663180664907,-0.001281315916125785,-0.0012273024222722501,-0.001171607759044724,-0.0011143398353075456,-0.0010556372317248636,-0.000995673795830088,-0.0009346625764567857,-0.0008728583857966405,-0.0008105582240061538,-0.0007480988812424145,-0.0006858512656083685,-0.0006242113760359927,-0.0005635882909002066,-0.0005043899917654346,-0.00044700819478092147,-0.0003918035443518119,-0.00033909249690422614,-0.0002891369961438325,-0.0002421376672218263,-0.00019823081406471384,-0.00015748907462660722,-0.00011992524036984892,-8.549851857078206e-05,-5.412241847818546e-05,-2.5673459419373133e-05,0.0,2.306936295730583e-05,4.371821153704297e-05,6.21357687109296e-05,7.851150085739578e-05,9.303085424747313e-05,0.00010587204810390055,0.00011720380399815166,0.00012718387103417958,0.00013595820254215952,0.00014366064740391682,0.00015041303312883763,0.00015632553495828526,0.00016149724318285583,0.00016601685795762698,0.0001699634563056972
7.197e-07,-0.001703614082509743,-0.0016669539272027916,-0.0016284003324080563,-0.0015879342651179363,-0.0015455427672760695,-0.0015012198797005267,-0.0014549678779986596,-0.0014067989240011047,-0.001356737226205656,-0.001304821783711556,-0.0012511097559779723,-0.0011956804458540986,-0.0011386397938130798,-0.0010801251502831673,-0.0010203099271284344,-0.0009594075547123678,-0.0008976740316699603,-0.0008354083030996436,-0.0007729497845219572,-0.0007106725840849534,-0.0006489763475296434,-0.0005882741036182856,-0.0005289779375384799,-0.0004714836736256149,-0.00041615593082135714,-0.0003633148865361032,-0.0003132258563579176,-0.00026609242062695286,-0.00022205338304440722,-0.00018118341445455067,-0.00014349688445848378,-0.00010895415449718553,-7.74695079262611e-05,-4.891990980256762e-05,-2.3153890787389747e-05,0.0,2.0725561755893188e-05,3.921235896732966e-05,5.565028519807129e-05,7.022526736358932e-05,8.311603286936288e-05,9.44918188333227e-05,0.00010451088212727437,0.00011331966518362277,0.00012105247992304181,0.0001278315862138636,0.00013376755851573878,0.00013895985235950472,0.0001434974995079205,0.00014745987613322756
6.251e-07,-0.001721356163607527,-0.0016851212303381118,-0.001646989490011636,-0.0016069387801220213,-0.0015649527842007882,-0.0015210220155582573,-0.0014751451335602832,-0.0014273306944164324,-0.0013775994259950216,-0.0013259870949206276,-0.0012725480004336888,-0.0012173590739195826,-0.001160524473870733,-0.0011021804362922145,-0.001042499976599675,-0.0009816968665273809,-0.0009200281722411795,-0.0008577945901686963,-0.0007953379001836083,-0.0007330350922661868,-0.0006712890961047312,-0.0006105164975488586,-0.0005511330767004117,-0.0004935383568921634,-0.0004381005358470632,-0.0003851431417202806,-0.00033493452688343256,-0.0002876809337034772,-0.0002435234183046798,-0.00020253848399821297,-0.00016474192376381234,-0.00013009514096758157,-9.851311889226598e-05,-6.987322697001768e-05,-4.4024153860137884e-05,-2.079440877786722e-05,0.0,1.8548941631411475e-05,3.5042691650171483e-05,4.96676072579234e-05,6.260287113377637e-05,7.401818249457882e-05,8.407225349932844e-05,9.291196524640949e-05,0.00010067204503055611,0.00010747514063392085,0.00011343218474150953,0.00011864296065415298,0.00012319679774768942,0.00012717334069513092
5.429e-07,-0.0017372582377512937,-0.0017014055158229178,-0.001663653056771638,-0.0016239758805278405,-0.0015823546454628414,-0.0015387766863434469,-0.0014932374034135852,-0.0014457421031208962,-0.0013963083763500134,-0.0013449690767406248,-0.001291775926439218,-0.0012368037204724402,-0.0011801550121542572,-0.0011219650333782298,-0.0010624064414047332,-0.001001693313115907,-0.0009400836721766125,-0.0008778797864040398,-0.000815425557091182,-0.0007531005597050978,-0.0006913106698736666,-0.0006304756641279633,-0.0005710146366832191,-0.0005133304285686278,-0.00045779444742887615,-0.0004047332269817754,-0.00035441784383033774,-0.00030705692877200505,-0.00026279355932593354,-0.0002217058838632933,-0.0001838109737960299,-0.00014907116902292778,-0.00011740208278204376,-8.86814494749544e-05,-6.275810178746387e-05,-3.946051544270529e-05,-1.8604528273851503e-05,0.0,1.6543685486404558e-05,3.1213269432003605e-05,4.4188341116809405e-05,5.563901262719325e-05,6.572440302747345e-05,7.459178555377973e-05,8.237625888072924e-05,8.92008176651771e-05,9.517671495382681e-05,0.00010040402719845758,0.00010497234997326743,0.0001089615681245438
4.715e-07,-0.0017514604482553493,-0.0017159499759005345,-0.001678537215344336,-0.0016391946597816764,-0.001597900253586187,-0.0015546384791735235,-0.0015094018117346045,-0.0014621926409991593,-0.0014130257425561442,-0.001361931356158955,-0.0013089588919242227,-0.001254181228667133,-0.0011976994801973168,-0.0011396479779364936,-0.0010801990575403514,-0.0010195670682803804,-0.0009580108900115051,-0.0008958341957908088,-0.000833382783820693,-0.000771038541109536,-0.000709209976745442,-0.0006483197192055428,-0.0005887898247688723,-0.0005310260996260825,-0.00047540282026617073,-0.00042224920671620966,-0.0003718387706424923,-0.0003243822780300723,-0.0002800246138152519,-0.00023884539769760717,-0.0002008628449753293,-0.00016604013404877653,-0.00013429344279141222,-0.0001055008334944884,-7.951126930251734e-05,-5.615319773408754e-05,-3.524230597653621e-05,-1.658821305285281e-05,0.0,1.4709416237072056e-05,2.771998701395738e-05,3.920219220564193e-05,4.9315513444141666e-05,5.820757344080982e-05,6.601380189406869e-05,7.285750267759265e-05,7.88502144462317e-05,8.409227502058879e-05,8.867351732745957e-05,9.267404037170647e-05
4.095e-07,-0.0017641037321486494,-0.0017288986695407505,-0.0016917890966091746,-0.0016527452487534768,-0.001611742644426724,-0.0015687632159365524,-0.0015237968231286026,-0.0014768432478602083,-0.0014279147487628319,-0.0013770392290739881,-0.001324264032657987,-0.0012696603262355435,-0.0012133279377656014,-0.0011554003944620195,-0.0010960497446619926,-0.0010354905803745514,-0.0009739825448382032,-0.0009118305638793119,-0.000849382126494767,-0.0007870211797190809,-0.0007251585792220753,-0.0006642194944648425,-0.000604628620618206,-0.0005467944054127968,-0.00049109368105324,-0.0004378580607370319,-0.00038736322561307634,-0.00033982184418422743,-0.0002953804121092361,-0.0002541198606014097,-0.0002160594249463613,-0.0001811630316233422,-0.0001493473627165254,-0.00012049077388900887,-9.444234580513943e-05,-7.103050215499871e-05,-5.007079719075366e-05,-3.1372636728392665e-05,-1.4744833157737374e-05,0.0,1.3042135660063046e-05,2.4552380429444624e-05,3.469053810350271e-05,4.3604541973329535e-05,5.1430115955466895e-05,5.8290838786005834e-05,6.429850301621371e-05,6.955367882971941e-05,7.414641017638827e-05,7.815698647105004e-05
3.556e-07,-0.0017753266582385884,-0.0017403932813351616,-0.0017035534579814679,-0.0016647754126577702,-0.0016240325025794035,-0.001581304387818958,-0.001536578597720024,-0.0014898525903625252,-0.001441136381844117,-0.001390455793983729,-0.0013378563303832348,-0.0012834076333128443,-0.0012272083861316115,-0.0011693914004031782,-0.0011101284688731054,-0.0010496343994605539,-0.0009881695141934488,-0.00092603985255847,-0.0008635944062708699,-0.0008012189529073917,-0.0007393264330042902,-0.0006783442733538556,-0.0006186995132511199,-0.0005608029467954003,-0.0005050336762945401,-0.00045172544070741635,-0.0004011558483497132,-0.00035353925789334203,-0.00030902359613034806,-0.00026769095978615084,-0.00022956149084683028,-0.00019459978108200306,-0.00016272296133401642,-0.0001338096488004278,-0.0001077090295048301,-8.424950694433482e-05,-6.324651824375334e-05,-4.4509280753822836e-05,-2.78463691063195e-05,-1.3070128118086027e-05,0.0,1.1535111385474212e-05,2.1695295367851232e-05,3.062876054337176e-05,3.8471491657680705e-05,4.534731113690384e-05,5.136823664892917e-05,5.6635044412499044e-05,6.123796549877252e-05,6.525745817178479e-05
3.089e-07,-0.0017852629820913116,-0.0017505706125484533,-0.0017139701093881721,-0.0016754279113044093,-0.0016349154558186244,-0.0015924103844700784,-0.0015478981562335567,-0.0015013741648797299,-0.001452846434585858,-0.0014023389386674944,-0.0013498955467438523,-0.0012955845478608975,-0.0012395036096428543,-0.0011817849088120208,-0.0011226000115629364,-0.0010621639174889694,-0.0010007375506680192,-0.0009386279380083642,-0.000876185403281536,-0.0008137973464072464,-0.0007518785553898258,-0.0006908584570929858,-0.0006311661676222111,-0.0005732145597777179,-0.0005173847469670981,-0.0004640123513961008,-0.0004133766887575094,-0.0003656936152402093,-0.0003211123257844486,-0.0002797159500620861,-0.0002415254338261506,-0.00020650595883238984,-0.00017457505414630262,-0.00014561156936758208,-0.00011946478458538419,-9.596308613599213e-05,-7.492180809400483e-05,-5.615000153438724e-05,-3.945603110846931e-05,-2.465200419532465e-05,-1.1557111198182753e-05,0.0,1.0179671214320153e-05,1.913035450970546e-05,2.6988265318961605e-05,3.38774416119899e-05,3.991010018348975e-05,4.518719950874148e-05,4.979913619064828e-05,5.382651786566602e-05
2.683e-07,-0.0017940398599091962,-0.0017595607459528228,-0.0017231720281298646,-0.0016848385634486416,-0.0016445300888390225,-0.0016022224575205249,-0.0015578992941900232,-0.001511554163798967,-0.0014631933260288153,-0.0014128391170055983,-0.0013605339594553226,-0.0013063449444417111,-0.001250368840650749,-0.0011927372631938206,-0.001133621578063884,-0.0010732369546811982,-0.0010118448498742144,-0.0009497531639759229,-0.0008873133987345751,-0.0008249143884871725,-0.000762972554468644,-0.0007019190914907664,-0.0006421849513013247,-0.0005841848439279104,-0.0005283016602217962,-0.00047487268684321977,-0.00042417874854952953,-0.00037643702518813747,-0.00033179783272259226,-0.00029034521405911463,-0.0002521008257116782,-0.00021703037131993834,-0.00018505173239992184,-0.00015604396447908972,-0.00012985643132662397,-0.00010631750465685307,-8.524242800173531e-05,-6.644010599419657e-05,-4.971871819004891e-05,-3.489016257464655e-05,-2.1773407423303966e-05,-1.0196874769037231e-05,0.0,8.965883809933326e-06,1.683719569058875e-05,2.3738163855121456e-05,2.9781180859872643e-05,3.506736605734216e-05,3.968726216931539e-05,4.372160869050125e-05
2.330e-07,-0.0018017766396142294,-0.0017674858015359445,-0.0017312840784585275,-0.0016931349297724958,-0.0016530065895019545,-0.0016108733303145904,-0.0015667171557257643,-0.0015205300144158105,-0.0014723166068082673,-0.0014220978224908408,-0.0013699148060371561,-0.001315833590492521,-0.0012599501508647505,-0.0012023956066271272,-0.001143341147308575,-0.0010830020925126837,-0.0010216403695010416,-0.0009595646495487841,-0.000897127473904742,-0.0008347189424729347,-0.0007727569172695016,-0.0007116741525727503,-0.0006519032191927604,-0.0005938604475445117,-0.0005379302961062444,-0.0004844515195165651,-0.00043370627349663534,-0.00038591290539080484,-0.0003412227200077938,-0.0002997205659037768,-0.00026142872673039956,-0.0002263133667346185,-0.00019429267864546013,-0.0001652459000023392,-0.00013902246878233666,-0.00011545074421174606,-9.434589036869069e-05,-7.551668311703763e-05,-5.877113913336325e-05,-4.392097207061565e-05,-3.07849546155709e-05,-1.9191309903912428e-05,-8.97927709318097e-06,0.0,7.883119752321102e-06,1.4794477969090353e-05,2.084662204782919e-05,2.614081307397492e-05,3.076772250380213e-05,3.4808206004991165e-05
2.024e-07,-0.001808584137190125,-0.0017744591894159967,-0.0017384222404483382,-0.001700435517292949,-0.0016604659285894803,-0.0016184863530675359,-0.0015744773644741708,-0.001528429486129192,-0.0014803460435132863,-0.001430246650849139,-0.0013781713260103716,-0.001324185169600033,-0.0012683834573467287,-0.001210896872221561,-0.0011518964485487445,-0.001091597638502517,-0.001030262783955755,-0.000968201235365505,-0.000905766449535759,-0.0008433496408464976,-0.0007813699399244912,-0.000720261474031909,-0.0006604582393369878,-0.0006023779927186376,-0.0005464065726439762,-0.0004928840260185726,-0.00044209368023895865,-0.00039425491046317113,-0.00034951989209346676,-0.0003079741830615537,-0.00026964061929555605,-0.00023448577076028284,-0.0002024281044198592,-0.00017334701833241883,-0.00014709201610379856,-0.0001234914462722352,-0.0001023604032725175,-8.35075499022969e-05,-6.674075973009006e-05,-5.18715843982275e-05,-3.871862465520742e-05,-2.7109928766142107e-05,-1.6884563346006992e-05,-7.893505788490653e-06,0.0,6.9204972111230716e-06,1.2980669419681255e-05,1.8281902363832293e-05,2.2914980723064138e-05,2.6960862342358463e-05
1.758e-07,-0.0018145643058228964,-0.0017805852655681845,-0.001744693251799509,-0.001706849406856312,-0.001667019472743662,-0.0016251751011603604,-0.0015812956072915915,-0.0015353702598420956,-0.0014874011741700913,-0.001437406842164694,-0.0013854262903588055,-0.0013315237991041473,-0.0012757940291500025,-0.0012183672797443337,-0.001159414448954664,-0.001099151105779086,-0.0010378399568746212,-0.0009757909500181885,-0.0009133583470328503,-0.0008509343420666743,-0.000788939180887602,-0.0007278081975412129,-0.0006679766409364604,-0.00060986352161512,-0.0005538558908374631,-0.0005002949312058634,-0.000449464999848455,-0.0004015863752520367,-0.00035681199801166404,-0.000315228049603948,-0.00027685785147171706,-0.00024166833032211298,-0.0002095781943318299,-0.0001804669828480718,-0.00015418425738062715,-0.0001305583573030806,-0.0001094043160696145,-9.053069732778592e-05,-7.374524908310793e-05,-5.885938078978867e-05,-4.569154226922653e-05,-3.4069628267820434e-05,-2.383255391307784e-05,-1.4831150475222866e-05,-6.928523374652874e-06,0.0,6.067222804300408e-06,1.1374640239689583e-05,1.601313641414956e-05,2.006375890254439e-05
1.526e-07,-0.0018198102112882688,-0.001785959301868389,-0.0017501945721145277,-0.0017124762112829157,-0.0016727689361866332,-0.0016310433202222146,-0.0015872775725752145,-0.0015414598594753548,-0.001493591232995921,-0.0014436891989966392,-0.0013917919131981584,-0.0013379629355644409,-0.0012822963868703088,-0.0012249222295716245,-0.0011660112422996445,-0.0011057790968371064,-0.0010444888202910839,-0.0009824508849627777,-0.0009200202594359533,-0.0008575899979128467,-0.0007955813249429853,-0.000734430633705829,-0.0006745742725171385,-0.0006164323520944552,-0.0005603929879873797,-0.0005067983594281749,-0.00045593372719601385,-0.00040802016252495946,-0.000363211277562604,-0.00032159380106323854,-0.00028319148064503107,-0.00024797155620889235,-0.00021585294775915533,-0.00018671531879459972,-0.00016040828180816612,-0.0001367601683020317,-0.00011558595838529872,-9.66941288590966e-05,-7.989231769589284e-05,-6.499180971777669e-05,-5.181092243463064e-05,-4.017741599610927e-05,-2.993007270455728e-05,-2.0919595701417767e-05,-1.3008968970485996e-05,-6.073406410146958e-06,0.0,5.312841455867162e-06,9.956089261408362e-06,1.4010869683023577e-05
1.326e-07,-0.0018244062366547646,-0.0017906676917082728,-0.001755014589068901,-0.0017174062817471498,-0.0016778065869798146,-0.0016361851319597197,-0.0015925191553766995,-0.0015467958561039097,-0.001499015353319731,-0.001449194287865311,-0.001397370051625504,-0.0013436055727824377,-0.00128799449865871,-0.0012306664965161342,-0.0011717922404317553,-0.0011115874924897246,-0.0010503155609135517,-0.0009882873779819058,-0.0009258585319452443,-0.0008634228309748692,-0.0008014023575883601,-0.0007402344333012115,-0.0006803563700154918,-0.0006221892426769987,-0.0005661220995947175,-0.00051249799345907,-0.00046160297702717203,-0.0004136588163289453,-0.00036881971211123483,-0.00032717287283249826,-0.00028874241969947725,-0.0002534958672000369,-0.00022135232110010025,-0.00019219155382848392,-0.0001658632226873226,-0.00014219565240824366,-0.00012100377647437672,-0.00010209599569554204,-8.527985172587663e-05,-7.03665202672313e-05,-5.717420297096827e-05,-4.553054211721809e-05,-3.5274203683214895e-05,-2.625577859327686e-05,-1.833814447139764e-05,-1.1396415813368001e-05,-5.317592748874198e-06,0.0,4.647410113557248e-06,8.705832786339799e-06
1.151e-07,-0.0018284284506620506,-0.001794788323933158,-0.0017592329976059535,-0.0017217210918992394,-0.0016822156357174252,-0.0016406854270426987,-0.001597106854077521,-0.0015514662679963717,-0.001503762970537103,-0.001454012844651045,-0.001402252613068387,-0.0013485446505876295,-0.001292982189915025,-0.0012356946398884793,-0.0011768525831609938,-0.0011166718610463654,-0.0010554160280770758,-0.0009933964194225437,-0.0009309691659974578,-0.000868528736170862,-0.0008064979636566798,-0.0007453149827253364,-0.0006854179488567265,-0.0006272287811109729,-0.0005711373443490816,-0.0005174874558969587,-0.0004665658618236406,-0.00041859493640806437,-0.00037372939569499603,-0.00033205686812860834,-0.000293601802021468,-0.0002583319523128012,-0.0002261665874711007,-0.00019698557537517394,-0.0001706386126486682,-0.0001469540181922263,-0.00012574668476664046,-0.0001068249467495487,-8.999626156390873e-05,-7.507170946798383e-05,-6.186939076500194e-05,-5.021684462023666e-05,-3.995263524194867e-05,-3.0927255375571856e-05,-2.3003489588151876e-05,-1.6056365403435777e-05,-9.972802585782575e-06,-4.6510522875389294e-06,0.0,4.061609783242645e-06
1.000e-07,-0.0018319450856727616,-0.0017983910696332734,-0.0017629212953081618,-0.001725493741503182,-0.0016860707470620112,-0.0016446203841123529,-0.0016011182963876409,-0.0015555500930646833,-0.0015079143604156838,-0.001458226318106832,-0.001406522103306974,-0.0013528636066292457,-0.0012973436980766198,-0.0012400915604885436,-0.0011812776966515933,-0.001121118017312173,-0.0010598762925797677,-0.0009978642101398454,-0.0009354383756433366,-0.000872993834953839,-0.0008109540788273657,-0.0007497579523783209,-0.0006898443488584467,-0.0006316359255488049,-0.0005755232614159203,-0.0005218508424853275,-0.0004709060211544394,-0.0004229117036485077,-0.00037802305668074637,-0.0003363280760219508,-0.0002978514960959009,-0.0002625612821805321,-0.00023037684509646505,-0.00020117813626518294,-0.00017481488676955028,-0.00015111541048277088,-0.00012989456462356684,-0.00011096062554099683,-9.412097706031596e-05,-7.918661603241971e-05,-6.597555418491998e-05,-5.431524055797034e-05,-4.4044150406891396e-05,-3.5012690659505345e-05,-2.7083564540083312e-05,-2.0131723547118976e-05,-1.4044017193678721e-05,-8.71863232033282e-06,-4.064395999008128e-06,0.0
