sous_population_1_axe_y,1 000 000,868 511,754 312,655 129,568 987,494 171,429 193,372 759,323 746,281 177,244 205,212 095,184 207,159 986,138 950,120 679,104 811,91 030,79 060,68 665,59 636,51 795,44 984,39 069,33 932,29 471,25 595,22 230,19 307,16 768,14 563,12 649,10 985,9541,8286,7197,6251,5429,4715,4095,3556,3089,2683,2330,2024,1758,1526,1326,1151,1000
1 000 000,0.0,0.0022437142299309987,0.00421213779694829,0.005936620317958052,0.007445580380855771,0.00876459830522422,0.009916568603278303,0.010921886626862637,0.011798651581049008,0.012562873701567057,0.013228677467182787,0.013808495649638097,0.014313251092206686,0.01475252457652071,0.015134708152460041,0.015467143991134774,0.015756249267954325,0.016007627859244034,0.016226169791658446,0.01641613945537379,0.016581253606361895,0.01672475015933156,0.016849448724999105,0.016957803783166164,0.017051951313541563,0.017133749634127532,0.017204815125519052,0.01726655345074779,0.01732018681555833,0.01736677775401607,0.017407249869357044,0.01744240591009974,0.017472943516451844,0.017499468931775147,0.017522508937948905,0.017542521241583925,0.017559903509817926,0.01757500122950817,0.01758811454170242,0.017599504184009934,0.017609396656544457,0.017617988712331945,0.017625451260090963,0.017631932755961893,0.01763756215085452,0.017642451451465757,0.01764669794545859,0.017650386134739127,0.017653589415053295,0.01765637153511948
868 511,-0.002553282597795359,0.0,0.0022437142299305823,0.004212137796948512,0.005936620317958136,0.007445580380855521,0.008764598305223803,0.009916568603277914,0.01092188662686261,0.011798651581048591,0.012562873701566779,0.013228677467182343,0.013808495649638153,0.014313251092207213,0.014752524576520348,0.015134708152460125,0.01546714399113458,0.015756249267953965,0.01600762785924348,0.016226169791658362,0.016416139455373513,0.016581253606361535,0.016724750159331447,0.01684944872499894,0.01695780378316611,0.017051951313541314,0.01713374963412681,0.017204815125518746,0.01726655345074754,0.017320186815558164,0.017366777754015822,0.017407249869356684,0.017442405910099323,0.017472943516451483,0.017499468931774592,0.017522508937948655,0.01754252124158412,0.017559903509818398,0.017575001229507448,0.017588114541701755,0.017599504184009823,0.01760939665654465,0.01761798871233161,0.017625451260090907,0.017631932755961727,0.01763756215085424,0.017642451451465507,0.017646697945458173,0.017650386134739154,0.017653589415053267
754 312,-0.005453190479763059,-0.002553282597794554,0.0,0.00224371422993086,0.004212137796948262,0.005936620317958413,0.007445580380855521,0.00876459830522397,0.009916568603277914,0.010921886626862776,0.011798651581048508,0.012562873701566973,0.013228677467182481,0.01380849564963807,0.014313251092206741,0.014752524576520626,0.015134708152460319,0.015467143991135163,0.015756249267954187,0.016007627859243728,0.01622616979165828,0.016416139455373818,0.016581253606361784,0.01672475015933156,0.016849448724999244,0.016957803783165748,0.017051951313541563,0.01713374963412756,0.017204815125518913,0.01726655345074793,0.01732018681555858,0.01736677775401607,0.01740724986935724,0.017442405910099712,0.017472943516451372,0.01749946893177487,0.017522508937948572,0.01754252124158423,0.01755990350981851,0.01757500122950767,0.017588114541702393,0.01759950418400999,0.01760939665654443,0.017617988712331806,0.01762545126009138,0.01763193275596195,0.01763756215085452,0.01764245145146573,0.017646697945458478,0.01765038613473896
655 129,-0.008739195479269879,-0.00545319047976206,-0.002553282597794332,0.0,0.0022437142299312762,0.004212137796949039,0.005936620317958385,0.007445580380856215,0.008764598305224663,0.009916568603278775,0.010921886626863442,0.011798651581049396,0.012562873701567279,0.013228677467183064,0.013808495649638486,0.01431325109220713,0.014752524576521514,0.015134708152460541,0.015467143991135163,0.015756249267954908,0.01600762785924434,0.01622616979165875,0.016416139455374124,0.016581253606362673,0.016724750159332086,0.01684944872499905,0.016957803783166248,0.01705195131354184,0.017133749634127782,0.017204815125519107,0.017266553450748234,0.017320186815558414,0.01736677775401657,0.01740724986935735,0.017442405910100045,0.01747294351645226,0.017499468931775758,0.0175225089379496,0.017542521241584313,0.01755990350981887,0.017575001229508225,0.017588114541702532,0.017599504184010628,0.017609396656544596,0.01761798871233225,0.01762545126009138,0.01763193275596206,0.01763756215085499,0.017642451451466035,0.017646697945459505
568 987,-0.012452509198912332,-0.008739195479270212,-0.005453190479762726,-0.0025532825977951923,0.0,0.0022437142299309154,0.004212137796948567,0.005936620317958191,0.007445580380855521,0.008764598305224414,0.009916568603277665,0.010921886626862498,0.011798651581048897,0.012562873701566696,0.013228677467182703,0.013808495649637736,0.014313251092206797,0.014752524576520681,0.01513470815246018,0.015467143991134802,0.015756249267953826,0.016007627859243645,0.01622616979165889,0.01641613945537368,0.01658125360636173,0.016724750159331725,0.016849448724998772,0.01695780378316525,0.01705195131354187,0.01713374963412767,0.017204815125518608,0.017266553450747568,0.017320186815558525,0.01736677775401635,0.017407249869356656,0.01744240591009924,0.017472943516451345,0.017499468931774953,0.017522508937949155,0.017542521241583953,0.01755990350981823,0.01757500122950817,0.01758811454170206,0.01759950418401013,0.017609396656543985,0.01761798871233164,0.017625451260090602,0.017631932755961227,0.017637562150854796,0.017642451451465646
494 171,-0.016634966662617073,-0.01245250919891186,-0.008739195479270934,-0.0054531904797626984,-0.0025532825977949147,0.0,0.00224371422993086,0.004212137796948068,0.00593662031795833,0.007445580380854938,0.00876459830522372,0.009916568603277831,0.01092188662686247,0.01179865158104848,0.012562873701566779,0.013228677467182093,0.013808495649637681,0.01431325109220627,0.01475252457652046,0.015134708152459958,0.01546714399113469,0.01575624926795427,0.016007627859243784,0.016226169791657946,0.01641613945537357,0.016581253606361646,0.016724750159331225,0.016849448724998578,0.016957803783165276,0.017051951313541147,0.017133749634126866,0.017204815125518774,0.01726655345074765,0.017320186815558414,0.01736677775401574,0.017407249869357017,0.017442405910099573,0.017472943516451234,0.017499468931774648,0.01752250893794849,0.01754252124158387,0.017559903509818203,0.017575001229507475,0.01758811454170206,0.017599504184010017,0.017609396656544235,0.017617988712331473,0.017625451260090685,0.017631932755961227,0.01763756215085424
429 193,-0.021327291560517325,-0.016634966662617212,-0.012452509198912082,-0.008739195479270684,-0.005453190479762865,-0.0025532825977950258,0.0,0.0022437142299303603,0.004212137796948262,0.0059366203179578025,0.00744558038085541,0.008764598305223859,0.009916568603277859,0.010921886626862332,0.01179865158104848,0.012562873701566418,0.013228677467182398,0.013808495649637542,0.01431325109220652,0.014752524576520626,0.01513470815245982,0.015467143991134497,0.01575624926795377,0.016007627859243673,0.016226169791658335,0.016416139455373735,0.016581253606361535,0.016724750159331225,0.0168494487249988,0.016957803783165776,0.017051951313541203,0.0171337496341272,0.017204815125518802,0.01726655345074768,0.017320186815558025,0.017366777754015322,0.017407249869356656,0.01744240591009924,0.017472943516451206,0.017499468931774426,0.017522508937948766,0.017542521241584147,0.017559903509818175,0.017575001229507697,0.017588114541702005,0.017599504184009934,0.017609396656543846,0.017617988712331306,0.017625451260090713,0.017631932755961255
372 759,-0.026566503088746418,-0.021327291560517242,-0.016634966662616962,-0.012452509198911554,-0.008739195479270212,-0.005453190479762587,-0.0025532825977948592,0.0,0.00224371422993061,0.00421213779694854,0.005936620317958136,0.007445580380855493,0.008764598305224025,0.009916568603278136,0.010921886626862276,0.011798651581048647,0.012562873701567001,0.013228677467182648,0.013808495649637681,0.014313251092206797,0.014752524576520626,0.015134708152460069,0.015467143991134802,0.015756249267954076,0.016007627859243867,0.016226169791658307,0.01641613945537393,0.016581253606362062,0.016724750159331697,0.016849448724998856,0.01695780378316586,0.017051951313541786,0.017133749634127338,0.017204815125518746,0.01726655345074765,0.017320186815558025,0.017366777754015822,0.017407249869356878,0.017442405910099684,0.01747294351645151,0.017499468931774426,0.017522508937949155,0.01754252124158387,0.017559903509818175,0.01757500122950767,0.017588114541702365,0.01759950418401035,0.017609396656544346,0.01761798871233189,0.017625451260090602
323 746,-0.03238214037617537,-0.026566503088747445,-0.021327291560517436,-0.016634966662617212,-0.01245250919891211,-0.008739195479270517,-0.005453190479762948,-0.0025532825977951923,0.0,0.002243714229930749,0.004212137796948012,0.00593662031795808,0.007445580380855188,0.008764598305223942,0.009916568603277803,0.010921886626862332,0.01179865158104862,0.012562873701566724,0.013228677467182232,0.013808495649637986,0.014313251092206936,0.014752524576520543,0.01513470815245993,0.015467143991134136,0.015756249267954242,0.01600762785924284,0.016226169791658224,0.01641613945537368,0.0165812536063617,0.01672475015933142,0.016849448724998356,0.01695780378316583,0.017051951313541314,0.017133749634126727,0.017204815125518413,0.017266553450747346,0.01732018681555808,0.017366777754015766,0.017407249869356656,0.017442405910099268,0.017472943516451622,0.017499468931774537,0.01752250893794849,0.017542521241584202,0.01755990350981812,0.017575001229507253,0.01758811454170192,0.017599504184009573,0.01760939665654407,0.017617988712331417
281 177,-0.038790868232642606,-0.03238214037617548,-0.02656650308874675,-0.02132729156051716,-0.016634966662616935,-0.012452509198912082,-0.008739195479270323,-0.0054531904797629205,-0.002553282597794887,0.0,0.0022437142299311097,0.004212137796948429,0.005936620317958219,0.007445580380855493,0.00876459830522422,0.009916568603278247,0.010921886626863303,0.011798651581048786,0.012562873701567057,0.01322867746718237,0.013808495649638097,0.014313251092206797,0.01475252457652071,0.01513470815246018,0.015467143991135107,0.015756249267954214,0.01600762785924384,0.016226169791658113,0.016416139455373402,0.016581253606361868,0.016724750159331864,0.01684944872499916,0.016957803783165942,0.01705195131354137,0.017133749634127532,0.017204815125518996,0.017266553450747263,0.017320186815558247,0.017366777754015766,0.01740724986935699,0.017442405910099018,0.017472943516451733,0.017499468931774342,0.01752250893794885,0.017542521241584202,0.017559903509818425,0.01757500122950767,0.017588114541702227,0.01759950418401024,0.01760939665654429
244 205,-0.04578887811430357,-0.03879086823264297,-0.032382140376175234,-0.026566503088747,-0.02132729156051702,-0.01663496666261663,-0.012452509198911915,-0.00873919547927024,-0.005453190479762643,-0.0025532825977949147,0.0,0.002243714229930499,0.0042121377969482066,0.005936620317958413,0.0074455803808555765,0.008764598305224192,0.009916568603278192,0.010921886626862748,0.01179865158104862,0.012562873701567168,0.013228677467182565,0.013808495649638208,0.014313251092206991,0.014752524576520654,0.015134708152460263,0.015467143991135024,0.015756249267954214,0.01600762785924395,0.016226169791658585,0.016416139455373596,0.01658125360636184,0.016724750159331836,0.016849448724999327,0.016957803783165554,0.01705195131354159,0.017133749634127393,0.01720481512551919,0.017266553450748068,0.01732018681555869,0.01736677775401599,0.017407249869356822,0.017442405910099656,0.017472943516451817,0.01749946893177498,0.01752250893794885,0.017542521241584286,0.017559903509818398,0.017575001229507642,0.017588114541702227,0.01759950418400999
212 095,-0.0533412983862698,-0.04578887811430346,-0.03879086823264247,-0.032382140376175206,-0.02656650308874678,-0.02132729156051702,-0.01663496666261649,-0.01245250919891186,-0.00873919547927049,-0.005453190479762365,-0.0025532825977948037,0.0,0.0022437142299305823,0.004212137796948318,0.005936620317958441,0.00744558038085541,0.008764598305224053,0.009916568603278497,0.010921886626862803,0.011798651581048564,0.012562873701567057,0.013228677467182232,0.013808495649638014,0.01431325109220663,0.014752524576520515,0.015134708152460541,0.015467143991134802,0.015756249267954353,0.016007627859243895,0.016226169791658474,0.016416139455373235,0.016581253606361646,0.016724750159331808,0.01684944872499891,0.016957803783165692,0.017051951313541536,0.017133749634127338,0.01720481512551894,0.017266553450747152,0.017320186815558497,0.017366777754015794,0.01740724986935721,0.017442405910099684,0.01747294351645151,0.017499468931774897,0.017522508937948572,0.01754252124158409,0.01755990350981848,0.017575001229507448,0.0175881145417022
184 207,-0.06136756171561317,-0.05334129838626969,-0.0457888781143041,-0.03879086823264302,-0.03238214037617529,-0.026566503088747084,-0.021327291560517492,-0.016634966662617018,-0.01245250919891211,-0.0087391954792706,-0.0054531904797630315,-0.0025532825977947204,0.0,0.0022437142299303603,0.0042121377969482066,0.005936620317958163,0.00744558038085541,0.008764598305223997,0.009916568603278053,0.010921886626862304,0.011798651581048591,0.012562873701566779,0.013228677467181982,0.01380849564963757,0.014313251092206547,0.01475252457652071,0.015134708152459958,0.015467143991134635,0.015756249267953826,0.016007627859243367,0.016226169791658057,0.01641613945537329,0.016581253606361868,0.016724750159331475,0.016849448724998328,0.016957803783165887,0.017051951313541064,0.01713374963412717,0.017204815125518802,0.01726655345074743,0.017320186815558303,0.017366777754015822,0.01740724986935685,0.017442405910099046,0.0174729435164514,0.017499468931774648,0.017522508937948683,0.017542521241584175,0.017559903509818148,0.01757500122950756
159 986,-0.06972132290694294,-0.061367561715612695,-0.05334129838626969,-0.0457888781143036,-0.038790868232642606,-0.032382140376174984,-0.026566503088746862,-0.02132729156051716,-0.01663496666261674,-0.01245250919891197,-0.008739195479270406,-0.005453190479762504,-0.0025532825977947204,0.0,0.002243714229931082,0.004212137796947929,0.005936620317957997,0.007445580380855715,0.008764598305223997,0.00991656860327822,0.010921886626862665,0.011798651581048647,0.012562873701567029,0.013228677467182565,0.013808495649638125,0.014313251092206908,0.014752524576520626,0.01513470815246018,0.01546714399113483,0.01575624926795402,0.016007627859243923,0.016226169791658973,0.01641613945537415,0.016581253606361923,0.016724750159331225,0.016849448724999022,0.016957803783166192,0.017051951313541397,0.017133749634127865,0.017204815125518552,0.017266553450747735,0.017320186815558358,0.017366777754015628,0.017407249869356822,0.017442405910099906,0.017472943516451817,0.017499468931774897,0.017522508937948517,0.01754252124158423,0.017559903509818203
138 950,-0.0781630487112955,-0.06972132290694283,-0.06136756171561253,-0.05334129838626955,-0.04578887811430346,-0.038790868232642994,-0.03238214037617504,-0.026566503088746807,-0.02132729156051702,-0.016634966662616185,-0.012452509198911749,-0.008739195479270406,-0.005453190479762837,-0.0025532825977948592,0.0,0.002243714229930943,0.0042121377969480955,0.005936620317958274,0.007445580380856187,0.00876459830522458,0.00991656860327797,0.010921886626862942,0.011798651581048952,0.012562873701566973,0.013228677467182454,0.01380849564963832,0.01431325109220688,0.014752524576521125,0.015134708152460374,0.015467143991135357,0.015756249267954325,0.016007627859244117,0.01622616979165828,0.01641613945537343,0.016581253606361424,0.016724750159331336,0.016849448724998717,0.01695780378316636,0.017051951313541397,0.01713374963412806,0.01720481512551869,0.017266553450747818,0.01732018681555847,0.0173667777540156,0.017407249869357544,0.017442405910100045,0.01747294351645165,0.017499468931775092,0.01752250893794874,0.017542521241584424
120 679,-0.08632277363289008,-0.07816304871129556,-0.06972132290694319,-0.061367561715613,-0.05334129838626975,-0.04578887811430407,-0.038790868232642994,-0.03238214037617512,-0.02656650308874725,-0.021327291560517186,-0.01663496666261685,-0.012452509198912137,-0.008739195479270628,-0.00545319047976256,-0.0025532825977950258,0.0,0.0022437142299308876,0.004212137796948068,0.005936620317957941,0.007445580380855882,0.00876459830522397,0.009916568603278303,0.010921886626862304,0.011798651581048397,0.012562873701566918,0.013228677467182148,0.013808495649637792,0.014313251092206603,0.014752524576520432,0.015134708152460485,0.015467143991134774,0.015756249267954103,0.016007627859243534,0.01622616979165825,0.016416139455373513,0.01658125360636184,0.016724750159331225,0.016849448724998634,0.01695780378316561,0.017051951313541425,0.01713374963412717,0.017204815125518913,0.017266553450747596,0.01732018681555833,0.017366777754015655,0.01740724986935696,0.017442405910099462,0.017472943516451178,0.01749946893177501,0.01752250893794821
104 811,-0.09364968149429923,-0.08632277363288951,-0.07816304871129556,-0.069721322906943,-0.061367561715612695,-0.05334129838626958,-0.045788878114303516,-0.03879086823264241,-0.03238214037617507,-0.026566503088746724,-0.021327291560517075,-0.016634966662616463,-0.012452509198911416,-0.008739195479270184,-0.005453190479762643,-0.002553282597794415,0.0,0.002243714229931165,0.004212137796948678,0.005936620317958163,0.007445580380855632,0.008764598305223775,0.009916568603278247,0.01092188662686297,0.011798651581048925,0.012562873701567473,0.01322867746718287,0.013808495649638292,0.014313251092207324,0.014752524576520765,0.015134708152460485,0.015467143991135357,0.015756249267954464,0.016007627859243978,0.016226169791658862,0.01641613945537365,0.016581253606362062,0.016724750159331614,0.016849448724999272,0.016957803783165942,0.017051951313541702,0.017133749634127532,0.01720481512551897,0.0172665534507479,0.017320186815558608,0.01736677775401596,0.017407249869356933,0.01744240591009963,0.01747294351645176,0.017499468931774814
91 030,-0.09934406379618729,-0.09364968149429923,-0.08632277363288962,-0.0781630487112951,-0.06972132290694288,-0.06136756171561264,-0.053341298386269415,-0.04578887811430293,-0.03879086823264244,-0.032382140376174956,-0.026566503088746474,-0.02132729156051663,-0.01663496666261663,-0.012452509198911499,-0.008739195479270129,-0.005453190479762532,-0.002553282597794665,0.0,0.002243714229931304,0.004212137796948373,0.005936620317958163,0.007445580380855882,0.008764598305224192,0.00991656860327822,0.010921886626863164,0.011798651581049174,0.012562873701567417,0.013228677467182537,0.013808495649638597,0.014313251092207158,0.01475252457652046,0.015134708152460485,0.01546714399113533,0.015756249267954353,0.016007627859244283,0.01622616979165875,0.016416139455373707,0.01658125360636209,0.016724750159331947,0.016849448724999105,0.016957803783166497,0.01705195131354198,0.01713374963412795,0.01720481512551958,0.017266553450747874,0.017320186815558414,0.0173667777540166,0.017407249869356822,0.01744240591009988,0.0174729435164519
79 060,-0.1022657329147231,-0.09934406379618754,-0.09364968149429952,-0.08632277363289012,-0.07816304871129585,-0.06972132290694302,-0.061367561715613195,-0.05334129838627,-0.045788878114303905,-0.03879086823264283,-0.032382140376175345,-0.02656650308874714,-0.021327291560517075,-0.01663496666261688,-0.012452509198912276,-0.008739195479270184,-0.005453190479762893,-0.0025532825977948315,0.0,0.0022437142299306656,0.004212137796948512,0.005936620317958108,0.007445580380855604,0.00876459830522372,0.009916568603278081,0.010921886626862998,0.011798651581048647,0.012562873701566918,0.013228677467182481,0.013808495649638458,0.01431325109220663,0.014752524576520515,0.015134708152460569,0.015467143991135218,0.015756249267954187,0.01600762785924345,0.01622616979165853,0.016416139455373263,0.016581253606362062,0.016724750159331198,0.016849448724998883,0.01695780378316586,0.017051951313541786,0.017133749634127476,0.01720481512551897,0.017266553450747624,0.017320186815557886,0.017366777754015933,0.017407249869357017,0.017442405910099545
68 665,-0.1008110117955287,-0.10226573291472309,-0.09934406379618757,-0.09364968149429952,-0.08632277363289009,-0.07816304871129567,-0.06972132290694347,-0.061367561715613084,-0.05334129838626986,-0.04578887811430388,-0.03879086823264313,-0.032382140376175234,-0.026566503088747084,-0.021327291560517075,-0.016634966662617517,-0.01245250919891186,-0.008739195479270184,-0.005453190479762643,-0.0025532825977948592,0.0,0.002243714229931082,0.00421213779694829,0.005936620317958441,0.0074455803808553545,0.00876459830522422,0.009916568603278358,0.01092188662686236,0.011798651581049036,0.012562873701567001,0.013228677467182648,0.013808495649637847,0.01431325109220663,0.01475252457652046,0.01513470815246043,0.015467143991134746,0.01575624926795441,0.016007627859244172,0.016226169791658723,0.016416139455373513,0.01658125360636173,0.016724750159331836,0.016849448724999105,0.016957803783165998,0.01705195131354173,0.01713374963412731,0.01720481512551933,0.01726655345074743,0.01732018681555758,0.01736677775401599,0.017407249869356933
59 636,-0.09274782403343114,-0.10081101179552862,-0.10226573291472321,-0.09934406379618742,-0.09364968149429934,-0.08632277363289022,-0.07816304871129559,-0.0697213229069428,-0.061367561715612834,-0.05334129838626955,-0.04578887811430371,-0.03879086823264272,-0.03238214037617526,-0.02656650308874678,-0.021327291560516937,-0.016634966662616713,-0.012452509198911749,-0.008739195479270656,-0.005453190479762365,-0.0025532825977943596,0.0,0.0022437142299311374,0.004212137796948623,0.005936620317958413,0.007445580380855743,0.008764598305224386,0.009916568603277998,0.010921886626862387,0.011798651581048758,0.012562873701566862,0.01322867746718262,0.013808495649638042,0.014313251092206797,0.014752524576520487,0.015134708152460763,0.015467143991134802,0.01575624926795402,0.016007627859243617,0.016226169791658918,0.016416139455373596,0.016581253606362006,0.016724750159331725,0.01684944872499894,0.016957803783165942,0.017051951313541702,0.01713374963412745,0.01720481512551944,0.017266553450747957,0.017320186815558775,0.0173667777540161
51 795,-0.07499495953471579,-0.09274782403343182,-0.10081101179552887,-0.10226573291472354,-0.09934406379618774,-0.09364968149429967,-0.08632277363289019,-0.07816304871129576,-0.06972132290694358,-0.06136756171561336,-0.05334129838627,-0.04578887811430385,-0.038790868232643105,-0.03238214037617515,-0.026566503088746973,-0.021327291560517436,-0.016634966662617184,-0.012452509198912137,-0.008739195479270712,-0.005453190479762615,-0.0025532825977950258,0.0,0.00224371422993061,0.004212137796948068,0.005936620317958191,0.007445580380855271,0.008764598305223914,0.00991656860327822,0.010921886626862276,0.011798651581048647,0.012562873701567057,0.01322867746718212,0.013808495649637764,0.014313251092206464,0.014752524576520348,0.015134708152460041,0.015467143991134497,0.015756249267954187,0.016007627859243617,0.016226169791658862,0.016416139455373485,0.01658125360636184,0.016724750159331697,0.016849448724998772,0.016957803783165915,0.01705195131354109,0.017133749634127282,0.017204815125518913,0.017266553450747596,0.017320186815558303
44 984,-0.04332701346107201,-0.07499495953471601,-0.0927478240334316,-0.10081101179552872,-0.10226573291472328,-0.09934406379618763,-0.09364968149429968,-0.08632277363288995,-0.07816304871129605,-0.06972132290694319,-0.061367561715613056,-0.05334129838626986,-0.04578887811430363,-0.03879086823264291,-0.03238214037617493,-0.026566503088747084,-0.02132729156051713,-0.01663496666261663,-0.012452509198911749,-0.008739195479270573,-0.005453190479762726,-0.0025532825977946927,0.0,0.0022437142299308876,0.004212137796948595,0.005936620317957886,0.007445580380855604,0.008764598305224108,0.009916568603278442,0.010921886626862748,0.011798651581049202,0.01256287370156714,0.013228677467182759,0.01380849564963832,0.014313251092207602,0.01475252457652071,0.015134708152460347,0.015467143991134968,0.01575624926795427,0.016007627859243617,0.016226169791658362,0.016416139455373818,0.01658125360636184,0.016724750159331808,0.016849448724998967,0.016957803783166414,0.017051951313541674,0.017133749634127393,0.017204815125518885,0.017266553450747985
39 069,0.008019578649296422,-0.04332701346107207,-0.07499495953471565,-0.0927478240334316,-0.1008110117955289,-0.10226573291472317,-0.0993440637961874,-0.09364968149429938,-0.08632277363288994,-0.07816304871129584,-0.06972132290694291,-0.06136756171561275,-0.05334129838626969,-0.04578887811430313,-0.038790868232642384,-0.032382140376175095,-0.02656650308874664,-0.021327291560516853,-0.016634966662616518,-0.012452509198911554,-0.008739195479270101,-0.005453190479762476,-0.002553282597794554,0.0,0.002243714229931082,0.004212137796948373,0.005936620317958441,0.007445580380856159,0.008764598305224774,0.009916568603278858,0.010921886626862776,0.011798651581049202,0.0125628737015675,0.013228677467183064,0.013808495649638014,0.014313251092206575,0.014752524576520654,0.015134708152460263,0.01546714399113494,0.01575624926795441,0.016007627859244394,0.0162261697916585,0.016416139455373707,0.01658125360636195,0.016724750159331697,0.016849448724999105,0.01695780378316633,0.01705195131354198,0.01713374963412767,0.01720481512551919
33 932,0.0868720474509522,0.008019578649294673,-0.04332701346107237,-0.0749949595347158,-0.09274782403343163,-0.10081101179552907,-0.10226573291472345,-0.09934406379618782,-0.09364968149429986,-0.08632277363289052,-0.07816304871129574,-0.06972132290694341,-0.061367561715612834,-0.053341298386269664,-0.045788878114304016,-0.03879086823264294,-0.03238214037617501,-0.026566503088747084,-0.021327291560517325,-0.016634966662616685,-0.01245250919891186,-0.0087391954792706,-0.005453190479762754,-0.0025532825977948592,0.0,0.0022437142299305546,0.004212137796948123,0.005936620317958191,0.00744558038085627,0.008764598305223942,0.009916568603278081,0.010921886626862554,0.011798651581048786,0.012562873701567001,0.013228677467182315,0.013808495649638236,0.014313251092206658,0.014752524576520987,0.015134708152460458,0.015467143991135107,0.015756249267954076,0.016007627859243728,0.016226169791658612,0.016416139455374124,0.016581253606361923,0.016724750159331336,0.016849448724998883,0.01695780378316597,0.01705195131354134,0.0171337496341277
29 471,0.20382167059942533,0.08687204745095142,0.008019578649296366,-0.04332701346107293,-0.07499495953471645,-0.09274782403343183,-0.10081101179552945,-0.10226573291472377,-0.09934406379618814,-0.09364968149429993,-0.0863227736328906,-0.07816304871129648,-0.06972132290694363,-0.061367561715613195,-0.053341298386270025,-0.04578887811430371,-0.03879086823264302,-0.03238214037617529,-0.02656650308874714,-0.02132729156051741,-0.016634966662616907,-0.012452509198912443,-0.008739195479270379,-0.005453190479762865,-0.0025532825977953033,0.0,0.002243714229930749,0.004212137796947929,0.005936620317958247,0.007445580380855438,0.008764598305223942,0.009916568603277831,0.010921886626862554,0.011798651581048814,0.012562873701567306,0.013228677467182592,0.013808495649637681,0.014313251092206908,0.014752524576520598,0.015134708152460041,0.015467143991134663,0.01575624926795402,0.01600762785924359,0.016226169791658307,0.01641613945537368,0.016581253606361507,0.01672475015933128,0.016849448724998717,0.016957803783165637,0.017051951313541203
25 595,0.37315654811997445,0.20382167059942655,0.08687204745095392,0.008019578649295672,-0.0433270134610734,-0.0749949595347157,-0.09274782403343196,-0.10081101179552923,-0.10226573291472356,-0.09934406379618786,-0.09364968149429968,-0.08632277363289029,-0.07816304871129559,-0.0697213229069433,-0.06136756171561322,-0.053341298386269914,-0.045788878114303794,-0.03879086823264302,-0.03238214037617487,-0.026566503088746973,-0.021327291560516742,-0.016634966662616768,-0.01245250919891211,-0.008739195479270268,-0.005453190479762976,-0.002553282597794332,0.0,0.0022437142299307766,0.004212137796948234,0.005936620317958413,0.0074455803808556875,0.008764598305224497,0.009916568603278636,0.010921886626862859,0.01179865158104848,0.012562873701567168,0.013228677467182592,0.013808495649637959,0.01431325109220713,0.01475252457652071,0.015134708152460069,0.015467143991134635,0.015756249267954298,0.01600762785924334,0.016226169791658723,0.016416139455374013,0.01658125360636209,0.016724750159332058,0.0168494487249988,0.01695780378316597
22 230,0.6141031127342415,0.37315654811997334,0.20382167059942605,0.08687204745095115,0.008019578649293951,-0.043327013461072816,-0.07499495953471624,-0.0927478240334321,-0.10081101179552916,-0.10226573291472361,-0.0993440637961877,-0.09364968149429974,-0.08632277363289023,-0.07816304871129558,-0.06972132290694319,-0.06136756171561278,-0.053341298386269775,-0.04578887811430343,-0.03879086823264308,-0.03238214037617501,-0.02656650308874614,-0.02132729156051702,-0.016634966662616796,-0.012452509198911166,-0.008739195479269851,-0.005453190479762476,-0.0025532825977946094,0.0,0.002243714229930971,0.004212137796948484,0.005936620317958413,0.007445580380855771,0.00876459830522458,0.009916568603278497,0.01092188662686261,0.011798651581049008,0.012562873701567445,0.013228677467182565,0.013808495649638014,0.01431325109220738,0.014752524576521153,0.015134708152460902,0.015467143991135412,0.015756249267954353,0.016007627859243784,0.016226169791659056,0.01641613945537404,0.016581253606362395,0.016724750159332002,0.016849448724999494
19 307,0.9524776784068696,0.614103112734241,0.3731565481199758,0.20382167059942355,0.08687204745095226,0.008019578649293813,-0.04332701346107412,-0.07499495953471723,-0.09274782403343244,-0.10081101179553004,-0.10226573291472427,-0.09934406379618857,-0.09364968149430042,-0.08632277363289106,-0.07816304871129635,-0.06972132290694388,-0.061367561715613306,-0.053341298386270525,-0.04578887811430443,-0.038790868232643216,-0.03238214037617529,-0.026566503088747556,-0.021327291560517186,-0.01663496666261699,-0.012452509198911887,-0.008739195479270906,-0.005453190479763059,-0.0025532825977954976,0.0,0.002243714229930388,0.00421213779694779,0.005936620317957386,0.00744558038085541,0.008764598305223775,0.00991656860327736,0.010921886626862526,0.01179865158104862,0.012562873701567251,0.013228677467182398,0.013808495649637792,0.01431325109220663,0.014752524576520154,0.01513470815246018,0.01546714399113469,0.015756249267953826,0.016007627859243256,0.016226169791658196,0.01641613945537365,0.01658125360636145,0.016724750159331087
16 768,1.4228824387538601,0.9524776784068674,0.6141031127342444,0.3731565481199667,0.20382167059942244,0.0868720474509502,0.008019578649293063,-0.043327013461074176,-0.07499495953471731,-0.09274782403343329,-0.1008110117955304,-0.10226573291472443,-0.09934406379618897,-0.09364968149430045,-0.08632277363289129,-0.07816304871129653,-0.06972132290694369,-0.0613675617156135,-0.05334129838627058,-0.045788878114304266,-0.03879086823264341,-0.03238214037617623,-0.026566503088747168,-0.021327291560517492,-0.0166349666626176,-0.012452509198912026,-0.008739195479271322,-0.0054531904797631425,-0.0025532825977950813,0.0,0.0022437142299304713,0.004212137796947846,0.005936620317957275,0.0074455803808555765,0.008764598305223692,0.009916568603277859,0.01092188662686197,0.011798651581048508,0.012562873701566613,0.01322867746718201,0.013808495649637459,0.014313251092206464,0.014752524576520515,0.015134708152460069,0.015467143991134719,0.01575624926795377,0.016007627859242896,0.01622616979165839,0.01641613945537379,0.016581253606361535
14 563,2.0716242361805466,1.4228824387538614,0.952477678406874,0.6141031127342367,0.373156548119968,0.20382167059942416,0.08687204745095048,0.00801957864929348,-0.04332701346107315,-0.07499495953471715,-0.09274782403343287,-0.10081101179552973,-0.10226573291472428,-0.09934406379618828,-0.09364968149430015,-0.08632277363289056,-0.0781630487112962,-0.06972132290694366,-0.06136756171561339,-0.05334129838626986,-0.045788878114304155,-0.038790868232642994,-0.032382140376174706,-0.026566503088746835,-0.02132729156051716,-0.01663496666261674,-0.012452509198911388,-0.008739195479270156,-0.00545319047976231,-0.002553282597794748,0.0,0.0022437142299314705,0.004212137796948789,0.005936620317958025,0.007445580380855743,0.008764598305224414,0.009916568603278275,0.010921886626862692,0.011798651581048814,0.012562873701566946,0.013228677467182842,0.013808495649638736,0.01431325109220738,0.01475252457652107,0.015134708152460902,0.01546714399113544,0.01575624926795438,0.016007627859244034,0.016226169791658918,0.01641613945537393
12 649,2.9605926532318882,2.0716242361805537,1.4228824387538614,0.9524776784068637,0.614103112734238,0.373156548119973,0.20382167059942272,0.08687204745095065,0.0080195786492952,-0.043327013461074704,-0.07499495953471745,-0.09274782403343286,-0.10081101179553012,-0.10226573291472424,-0.09934406379618851,-0.09364968149430024,-0.08632277363289084,-0.07816304871129619,-0.06972132290694358,-0.061367561715613334,-0.05334129838626975,-0.04578887811430435,-0.038790868232642856,-0.03238214037617537,-0.02656650308874725,-0.021327291560517186,-0.016634966662616435,-0.012452509198911915,-0.00873919547927049,-0.005453190479762726,-0.0025532825977941376,0.0,0.002243714229931165,0.004212137796948262,0.005936620317958302,0.007445580380855715,0.008764598305223997,0.009916568603278608,0.010921886626863275,0.011798651581048814,0.01256287370156689,0.013228677467182814,0.01380849564963818,0.014313251092207019,0.014752524576520792,0.015134708152460097,0.015467143991135107,0.015756249267954214,0.016007627859243978,0.016226169791658585
10 985,4.172411197257287,2.9605926532318936,2.071624236180548,1.4228824387538628,0.9524776784068708,0.6141031127342437,0.37315654811996846,0.203821670599419,0.08687204745095098,0.008019578649293174,-0.04332701346107426,-0.0749949595347171,-0.09274782403343332,-0.10081101179553027,-0.10226573291472459,-0.09934406379618889,-0.09364968149430045,-0.08632277363289069,-0.0781630487112966,-0.06972132290694394,-0.06136756171561358,-0.05334129838627025,-0.04578887811430393,-0.038790868232643216,-0.03238214037617548,-0.026566503088746724,-0.021327291560517353,-0.016634966662616768,-0.012452509198912054,-0.00873919547927049,-0.005453190479762532,-0.0025532825977946094,0.0,0.002243714229930943,0.004212137796948151,0.005936620317958302,0.007445580380856104,0.00876459830522408,0.009916568603278136,0.010921886626862998,0.01179865158104862,0.012562873701567084,0.013228677467182287,0.013808495649637681,0.014313251092206686,0.014752524576520598,0.015134708152460208,0.015467143991135163,0.015756249267954436,0.01600762785924445
9541,5.817277746475419,4.172411197257294,2.960592653231885,2.071624236180539,1.4228824387538617,0.9524776784068705,0.6141031127342395,0.3731565481199679,0.20382167059942244,0.08687204745094665,0.008019578649291759,-0.0433270134610749,-0.07499495953471791,-0.09274782403343365,-0.10081101179553056,-0.10226573291472488,-0.09934406379618878,-0.09364968149430057,-0.08632277363289106,-0.07816304871129641,-0.06972132290694363,-0.06136756171561311,-0.053341298386270025,-0.04578887811430413,-0.03879086823264333,-0.03238214037617462,-0.02656650308874703,-0.02132729156051691,-0.0166349666626171,-0.012452509198911554,-0.008739195479269962,-0.005453190479762671,-0.002553282597794554,0.0,0.002243714229931526,0.004212137796948595,0.005936620317958108,0.007445580380856104,0.00876459830522422,0.009916568603278664,0.010921886626862914,0.011798651581048453,0.012562873701567584,0.013228677467183175,0.013808495649638347,0.014313251092207518,0.014752524576521014,0.015134708152460569,0.015467143991135801,0.015756249267954686
8286,8.042046204372213,5.817277746475431,4.1724111972572935,2.9605926532318865,2.071624236180539,1.4228824387538619,0.9524776784068587,0.6141031127342367,0.3731565481199678,0.2038216705994194,0.08687204745094756,0.008019578649291564,-0.04332701346107637,-0.07499495953471912,-0.0927478240334344,-0.1008110117955317,-0.10226573291472564,-0.09934406379618946,-0.0936496814943012,-0.08632277363289147,-0.07816304871129713,-0.06972132290694413,-0.061367561715613916,-0.05334129838627055,-0.045788878114304515,-0.03879086823264344,-0.032382140376175705,-0.0265665030887475,-0.021327291560518102,-0.016634966662616935,-0.012452509198912137,-0.008739195479270517,-0.0054531904797629205,-0.0025532825977944984,0.0,0.00224371422993061,0.004212137796948012,0.005936620317957775,0.007445580380855021,0.00876459830522383,0.009916568603278275,0.010921886626862859,0.011798651581048786,0.01256287370156664,0.013228677467182398,0.013808495649638097,0.01431325109220688,0.014752524576520681,0.015134708152460152,0.015467143991134857
7197,11.042281347469055,8.042046204372204,5.817277746475451,4.172411197257285,2.9605926532318816,2.071624236180547,1.42288243875386,0.9524776784068636,0.6141031127342408,0.3731565481199699,0.20382167059941855,0.08687204745094815,0.00801957864929051,-0.04332701346107665,-0.07499495953471873,-0.09274782403343489,-0.10081101179553166,-0.1022657329147255,-0.09934406379618967,-0.09364968149430125,-0.08632277363289163,-0.0781630487112967,-0.06972132290694408,-0.06136756171561375,-0.05334129838627019,-0.04578887811430429,-0.038790868232643105,-0.032382140376175816,-0.026566503088747057,-0.021327291560517048,-0.016634966662617212,-0.012452509198911915,-0.008739195479270045,-0.005453190479762532,-0.002553282597794637,0.0,0.0022437142299303603,0.00421213779694829,0.005936620317958746,0.007445580380855771,0.00876459830522408,0.00991656860327833,0.010921886626862637,0.011798651581048647,0.012562873701567001,0.013228677467182454,0.013808495649637875,0.014313251092206769,0.014752524576520432,0.015134708152459847
6251,15.078257569836396,11.042281347469077,8.042046204372207,5.817277746475446,4.172411197257252,2.9605926532318922,2.071624236180529,1.422882438753848,0.9524776784068651,0.6141031127342287,0.3731565481199684,0.2038216705994203,0.08687204745094679,0.00801957864929062,-0.0433270134610757,-0.07499495953471969,-0.09274782403343451,-0.10081101179553123,-0.10226573291472532,-0.09934406379618926,-0.09364968149430065,-0.0863227736328911,-0.07816304871129619,-0.06972132290694394,-0.061367561715612945,-0.05334129838626964,-0.04578887811430357,-0.03879086823264258,-0.0323821403761749,-0.026566503088746696,-0.021327291560516742,-0.016634966662616574,-0.012452509198911138,-0.008739195479269546,-0.005453190479762227,-0.0025532825977941653,0.0,0.002243714229932303,0.004212137796949705,0.00593662031795919,0.007445580380856021,0.008764598305224996,0.009916568603278803,0.010921886626863248,0.011798651581049313,0.012562873701568444,0.01322867746718387,0.01380849564963918,0.01431325109220763,0.014752524576522041
5429,20.496188745131406,15.078257569836468,11.042281347469139,8.042046204372182,5.81727774647544,4.172411197257296,2.9605926532318745,2.0716242361805204,1.422882438753858,0.9524776784068629,0.614103112734233,0.37315654811996524,0.2038216705994141,0.08687204745094348,0.008019578649290315,-0.04332701346107923,-0.07499495953472089,-0.0927478240334359,-0.10081101179553309,-0.10226573291472689,-0.09934406379619051,-0.09364968149430229,-0.08632277363289265,-0.07816304871129771,-0.06972132290694472,-0.061367561715614416,-0.053341298386270886,-0.04578887811430504,-0.038790868232643716,-0.0323821403761759,-0.026566503088747973,-0.021327291560517325,-0.01663496666261724,-0.012452509198912332,-0.0087391954792711,-0.0054531904797631425,-0.0025532825977942764,0.0,0.00224371422993061,0.004212137796947818,0.005936620317957775,0.0074455803808546606,0.008764598305224691,0.009916568603278636,0.010921886626862526,0.011798651581048675,0.012562873701566613,0.01322867746718251,0.01380849564963818,0.014313251092206825
4715,27.756396090393206,20.49618874513137,15.078257569836442,11.042281347469002,8.042046204372188,5.817277746475453,4.172411197257267,2.9605926532318567,2.0716242361805386,1.422882438753847,0.9524776784068525,0.6141031127342333,0.3731565481199633,0.2038216705994142,0.08687204745094468,0.008019578649287401,-0.043327013461078645,-0.07499495953472053,-0.09274782403343708,-0.10081101179553312,-0.10226573291472674,-0.09934406379619096,-0.09364968149430203,-0.08632277363289262,-0.07816304871129741,-0.06972132290694485,-0.0613675617156145,-0.053341298386270664,-0.0457888781143046,-0.038790868232643744,-0.03238214037617615,-0.02656650308874678,-0.021327291560516964,-0.01663496666261735,-0.012452509198912276,-0.00873919547926999,-0.005453190479762227,-0.0025532825977943596,0.0,0.0022437142299306934,0.004212137796947707,0.0059366203179590515,0.007445580380856465,0.008764598305224885,0.00991656860327847,0.010921886626862581,0.011798651581049174,0.012562873701567168,0.01322867746718237,0.013808495649637681
4095,37.47067732914909,27.756396090393096,20.496188745131366,15.078257569836415,11.042281347469025,8.042046204372182,5.817277746475422,4.172411197257257,2.9605926532318665,2.0716242361805226,1.4228824387538461,0.9524776784068603,0.6141031127342251,0.3731565481199602,0.2038216705994137,0.08687204745094013,0.00801957864928482,-0.043327013461080144,-0.07499495953472389,-0.09274782403343809,-0.1008110117955344,-0.10226573291472855,-0.09934406379619212,-0.09364968149430337,-0.08632277363289344,-0.07816304871129848,-0.06972132290694588,-0.06136756171561486,-0.05334129838627166,-0.04578887811430565,-0.0387908682326448,-0.032382140376176066,-0.02656650308874814,-0.021327291560518352,-0.01663496666261821,-0.012452509198912248,-0.008739195479271156,-0.005453190479763476,-0.002553282597795886,0.0,0.0022437142299309987,0.0042121377969480955,0.005936620317957608,0.007445580380854827,0.008764598305223692,0.00991656860327722,0.010921886626861388,0.01179865158104873,0.01256287370156689,0.013228677467182481
3556,50.45187816474804,37.47067732914912,27.756396090393135,20.49618874513136,15.078257569836415,11.042281347469133,8.042046204372177,5.817277746475389,4.172411197257279,2.960592653231842,2.07162423618052,1.4228824387538546,0.9524776784068465,0.614103112734226,0.3731565481199595,0.20382167059940964,0.08687204745093952,0.008019578649286874,-0.043327013461083,-0.07499495953472395,-0.09274782403343851,-0.10081101179553577,-0.10226573291472889,-0.09934406379619246,-0.09364968149430387,-0.08632277363289392,-0.07816304871129873,-0.06972132290694583,-0.06136756171561514,-0.05334129838627211,-0.04578887811430496,-0.03879086823264413,-0.032382140376176566,-0.026566503088748306,-0.021327291560517353,-0.01663496666261774,-0.012452509198912748,-0.008739195479271378,-0.005453190479763642,-0.0025532825977948592,0.0,0.0022437142299303325,0.00421213779694779,0.005936620317957247,0.007445580380854716,0.008764598305224608,0.009916568603278636,0.010921886626862554,0.01179865158104862,0.012562873701566502
3089,67.77964515032039,50.45187816474791,37.47067732914908,27.75639609039314,20.496188745131352,15.078257569836405,11.042281347469087,8.04204620437217,5.817277746475385,4.172411197257247,2.9605926532318536,2.0716242361805257,1.4228824387538375,0.9524776784068469,0.6141031127342316,0.37315654811995513,0.20382167059940795,0.08687204745094038,0.008019578649281933,-0.04332701346108245,-0.0749949595347239,-0.09274782403343995,-0.10081101179553545,-0.10226573291472847,-0.09934406379619261,-0.09364968149430329,-0.08632277363289316,-0.07816304871129821,-0.06972132290694508,-0.06136756171561461,-0.053341298386270525,-0.04578887811430446,-0.038790868232643744,-0.03238214037617587,-0.026566503088746973,-0.021327291560516853,-0.0166349666626171,-0.012452509198912526,-0.008739195479269407,-0.005453190479762088,-0.002553282597793971,0.0,0.002243714229930832,0.004212137796949705,0.005936620317959579,0.007445580380856659,0.008764598305224691,0.009916568603279191,0.010921886626863303,0.011798651581049174
2683,90.88763578021015,67.77964515032035,50.45187816474787,37.470677329149005,27.756396090393082,20.49618874513134,15.078257569836424,11.042281347468965,8.042046204372134,5.817277746475377,4.172411197257244,2.9605926532318616,2.0716242361805106,1.4228824387538255,0.9524776784068472,0.6141031127342147,0.3731565481199509,0.2038216705994095,0.08687204745093316,0.008019578649279435,-0.0433270134610845,-0.07499495953472812,-0.09274782403344167,-0.10081101179553717,-0.1022657329147313,-0.09934406379619416,-0.09364968149430532,-0.08632277363289488,-0.07816304871129988,-0.06972132290694708,-0.061367561715615915,-0.053341298386272135,-0.04578887811430618,-0.03879086823264413,-0.03238214037617665,-0.026566503088748583,-0.02132729156051899,-0.016634966662617073,-0.012452509198912304,-0.00873919547927074,-0.005453190479763476,-0.002553282597795914,0.0,0.002243714229930749,0.004212137796947679,0.005936620317957747,0.00744558038085491,0.00876459830522322,0.009916568603277276,0.010921886626862859
2330,121.67918083533738,90.88763578021039,67.77964515032028,50.45187816474777,37.47067732914879,27.756396090393196,20.496188745131303,15.078257569836373,11.042281347469082,8.042046204372125,5.8172777464754,4.1724111972572695,2.9605926532318265,2.071624236180499,1.4228824387538317,0.9524776784068418,0.6141031127342158,0.3731565481199469,0.20382167059940068,0.08687204745093355,0.008019578649279713,-0.043327013461087666,-0.07499495953472798,-0.09274782403344128,-0.1008110117955386,-0.10226573291473125,-0.09934406379619407,-0.09364968149430508,-0.08632277363289477,-0.07816304871129987,-0.0697213229069461,-0.06136756171561597,-0.0533412983862718,-0.045788878114304904,-0.03879086823264419,-0.03238214037617648,-0.026566503088748528,-0.021327291560516853,-0.01663496666261688,-0.012452509198912443,-0.008739195479271211,-0.005453190479761089,-0.0025532825977943596,0.0,0.0022437142299308044,0.004212137796947929,0.005936620317957497,0.007445580380856992,0.008764598305225357,0.009916568603279191
2024,162.6806733108431,121.67918083533758,90.88763578021077,67.77964515031991,50.45187816474783,37.4706773291492,27.75639609039308,20.496188745131306,15.078257569836422,11.04228134746897,8.042046204372099,5.8172777464754155,4.1724111972572295,2.9605926532318385,2.0716242361804937,1.4228824387538095,0.9524776784068328,0.6141031127342119,0.37315654811994203,0.20382167059939907,0.08687204745093155,0.008019578649274717,-0.04332701346108889,-0.07499495953472829,-0.09274782403344463,-0.10081101179553906,-0.1022657329147316,-0.09934406379619544,-0.09364968149430572,-0.08632277363289532,-0.07816304871129993,-0.06972132290694666,-0.061367561715615804,-0.05334129838627161,-0.04578887811430532,-0.038790868232644576,-0.03238214037617687,-0.026566503088747112,-0.021327291560517575,-0.01663496666261735,-0.012452509198912887,-0.008739195479269851,-0.005453190479762171,-0.002553282597794415,0.0,0.0022437142299304436,0.004212137796949678,0.005936620317959135,0.0074455803808567145,0.00876459830522483
1758,217.2449800843626,162.68067331084293,121.67918083533833,90.88763578021047,67.77964515031982,50.45187816474793,37.47067732914879,27.756396090392965,20.496188745131345,15.078257569836362,11.042281347468968,8.042046204372147,5.817277746475364,4.172411197257211,2.9605926532318407,2.07162423618048,1.4228824387538124,0.9524776784068335,0.614103112734196,0.3731565481199399,0.20382167059938514,0.08687204745092139,0.008019578649271775,-0.0433270134610905,-0.07499495953473465,-0.09274782403344677,-0.1008110117955441,-0.1022657329147353,-0.09934406379619755,-0.09364968149430769,-0.08632277363289732,-0.07816304871130196,-0.06972132290694841,-0.061367561715616886,-0.05334129838627341,-0.04578887811430704,-0.03879086823264441,-0.03238214037617704,-0.026566503088749083,-0.021327291560519795,-0.01663496666261724,-0.012452509198912803,-0.008739195479271683,-0.005453190479764336,-0.0025532825977964135,0.0,0.0022437142299308044,0.004212137796947568,0.005936620317957247,0.0074455803808546606
1526,289.8211787204176,217.2449800843623,162.68067331084353,121.6791808353372,90.88763578021043,67.77964515032016,50.45187816474764,37.47067732914892,27.756396090392926,20.496188745131278,15.078257569836278,11.042281347469077,8.042046204372097,5.817277746475351,4.172411197257221,2.960592653231809,2.071624236180478,1.4228824387538037,0.9524776784068092,0.6141031127341992,0.37315654811992155,0.2038216705993876,0.08687204745092264,0.00801957864926403,-0.043327013461096575,-0.07499495953473481,-0.09274782403345098,-0.10081101179554389,-0.10226573291473531,-0.09934406379619744,-0.09364968149430836,-0.08632277363289735,-0.07816304871130186,-0.06972132290694788,-0.06136756171561683,-0.053341298386273106,-0.045788878114305404,-0.03879086823264491,-0.032382140376177315,-0.026566503088749194,-0.021327291560517186,-0.01663496666261685,-0.012452509198912692,-0.008739195479271433,-0.005453190479761505,-0.002553282597794082,0.0,0.002243714229930832,0.004212137796947846,0.005936620317957275
1326,386.3122331081559,289.8211787204175,217.24498008436225,162.68067331084362,121.67918083533692,90.88763578021072,67.77964515031991,50.45187816474768,37.47067732914879,27.756396090393018,20.49618874513117,15.078257569836342,11.042281347468938,8.042046204372003,5.817277746475315,4.172411197257173,2.960592653231795,2.0716242361804853,1.4228824387537846,0.9524776784068055,0.6141031127341745,0.37315654811992416,0.20382167059938724,0.08687204745091096,0.008019578649263448,-0.04332701346109774,-0.07499495953474158,-0.092747824033451,-0.10081101179554389,-0.10226573291473798,-0.09934406379619888,-0.09364968149430844,-0.08632277363289745,-0.07816304871130149,-0.06972132290694769,-0.06136756171561708,-0.053341298386271885,-0.045788878114305515,-0.038790868232644715,-0.03238214037617482,-0.026566503088746724,-0.021327291560517075,-0.01663496666261688,-0.01245250919890914,-0.008739195479268796,-0.005453190479761227,-0.002553282597794304,0.0,0.002243714229933441,0.0042121377969503715
1151,514.5492630986013,386.3122331081553,289.82117872041755,217.24498008436117,162.68067331084288,121.67918083533708,90.88763578021037,67.7796451503198,50.45187816474793,37.4706773291485,27.756396090392947,20.496188745131136,15.078257569836188,11.042281347468894,8.042046204371964,5.817277746475296,4.172411197257164,2.960592653231805,2.0716242361804342,1.4228824387537826,0.952477678406775,0.6141031127341717,0.3731565481199218,0.20382167059936654,0.08687204745090563,0.00801957864925873,-0.043327013461110175,-0.07499495953474453,-0.09274782403345469,-0.10081101179555181,-0.10226573291474138,-0.09934406379620242,-0.09364968149431287,-0.08632277363290097,-0.07816304871130483,-0.06972132290695152,-0.06136756171561922,-0.053341298386274966,-0.04578887811430893,-0.03879086823264588,-0.03238214037617809,-0.02656650308874997,-0.021327291560520295,-0.016634966662617517,-0.012452509198913275,-0.00873919547927235,-0.0054531904797653075,-0.0025532825977939433,0.0,0.0022437142299301938
1000,684.9203985116159,514.5492630985998,386.3122331081557,289.8211787204179,217.2449800843621,162.6806733108426,121.67918083533701,90.88763578021026,67.77964515032005,50.45187816474735,37.47067732914864,27.756396090392933,20.496188745131054,15.078257569836186,11.042281347468972,8.042046204371974,5.817277746475283,4.172411197257114,2.9605926532317466,2.071624236180436,1.422882438753746,0.9524776784067815,0.6141031127341733,0.37315654811989796,0.20382167059936593,0.08687204745090546,0.00801957864924624,-0.04332701346110951,-0.07499495953474442,-0.09274782403346107,-0.10081101179555167,-0.10226573291474139,-0.09934406379620495,-0.09364968149431303,-0.08632277363290104,-0.07816304871130485,-0.06972132290695035,-0.06136756171561894,-0.0533412983862753,-0.04578887811430679,-0.03879086823264566,-0.03238214037617815,-0.026566503088747112,-0.021327291560517797,-0.016634966662617517,-0.012452509198913442,-0.008739195479272321,-0.005453190479761505,-0.0025532825977942764,0.0
